sub_id,roi,cond,value
1001,vmpfc,door_win,-0.437931776
1001,vmpfc,door_win,0.05639303103
1001,vmpfc,door_win,0.05396692082
1001,vmpfc,door_win,0.5323966742
1001,vmpfc,door_win,-0.2172516882
1001,vmpfc,door_win,0.05328379944
1001,vmpfc,door_win,0.5324870944
1001,vmpfc,door_win,0.8458484411
1001,vmpfc,door_win,0.8117783666
1001,vmpfc,door_win,0.9595152736
1001,vmpfc,door_win,0.9119186401
1001,vmpfc,door_win,0.7049435377
1001,vmpfc,door_win,0.9789325595
1001,vmpfc,door_win,0.491525352
1001,vmpfc,door_win,2.10308671
1001,vmpfc,door_win,1.772891879
1001,vmpfc,door_win,2.541573524
1001,vmpfc,door_win,2.209135532
1001,vmpfc,door_win,3.231202841
1001,vmpfc,door_loss,0.3663216829
1001,vmpfc,door_loss,-0.09211815894
1001,vmpfc,door_loss,0.02542425506
1001,vmpfc,door_loss,0.1100607961
1001,vmpfc,door_loss,-0.3382968307
1001,vmpfc,door_loss,0.8931907415
1001,vmpfc,door_loss,0.758005619
1001,vmpfc,door_loss,1.269244671
1001,vmpfc,door_loss,-0.06692580134
1001,vmpfc,door_loss,0.482129395
1001,vmpfc,door_loss,0.734459877
1001,vmpfc,door_loss,-0.0894433707
1001,vmpfc,door_loss,0.8835608959
1001,vmpfc,door_loss,0.1798600107
1001,vmpfc,door_loss,2.192934036
1001,vmpfc,door_loss,1.42676115
1001,vmpfc,door_loss,2.354152918
1001,vmpfc,door_loss,2.090038061
1001,vmpfc,door_loss,3.029434204
1002,vmpfc,door_win,-0.1053427234
1002,vmpfc,door_win,0.3611311913
1002,vmpfc,door_win,0.9335156679
1002,vmpfc,door_win,0.3025179207
1002,vmpfc,door_win,0.4062666297
1002,vmpfc,door_win,-0.1256747544
1002,vmpfc,door_win,-0.1226954609
1002,vmpfc,door_win,0.004511317704
1002,vmpfc,door_win,-0.6312508583
1002,vmpfc,door_win,0.06981887668
1002,vmpfc,door_win,-0.6017496586
1002,vmpfc,door_win,-0.5705543756
1002,vmpfc,door_win,-0.5415788889
1002,vmpfc,door_win,-0.8609210253
1002,vmpfc,door_win,0.2043932676
1002,vmpfc,door_win,-0.2340585142
1002,vmpfc,door_win,0.1651676148
1002,vmpfc,door_win,-0.1323847026
1002,vmpfc,door_win,-0.2413093746
1002,vmpfc,door_loss,-0.5238982439
1002,vmpfc,door_loss,-0.2715775669
1002,vmpfc,door_loss,0.3969858289
1002,vmpfc,door_loss,1.012884855
1002,vmpfc,door_loss,1.082008839
1002,vmpfc,door_loss,0.08393144608
1002,vmpfc,door_loss,-0.2704705894
1002,vmpfc,door_loss,-0.0632186234
1002,vmpfc,door_loss,-0.7182838917
1002,vmpfc,door_loss,-0.514772892
1002,vmpfc,door_loss,-0.5731823444
1002,vmpfc,door_loss,-0.321652323
1002,vmpfc,door_loss,-0.525171876
1002,vmpfc,door_loss,-0.6176427007
1002,vmpfc,door_loss,0.9226123691
1002,vmpfc,door_loss,-0.1273222566
1002,vmpfc,door_loss,0.2762288451
1002,vmpfc,door_loss,0.02058869787
1002,vmpfc,door_loss,-0.5155599713
1003,vmpfc,door_win,1.440899968
1003,vmpfc,door_win,0.8692456484
1003,vmpfc,door_win,1.078610539
1003,vmpfc,door_win,0.05434846133
1003,vmpfc,door_win,0.6717587709
1003,vmpfc,door_win,-0.5653325915
1003,vmpfc,door_win,-0.2269189656
1003,vmpfc,door_win,0.7145197392
1003,vmpfc,door_win,0.6123479009
1003,vmpfc,door_win,0.8802541494
1003,vmpfc,door_win,0.2282120883
1003,vmpfc,door_win,-0.5794553161
1003,vmpfc,door_win,0.6130226851
1003,vmpfc,door_win,0.3791976273
1003,vmpfc,door_win,-1.711479902
1003,vmpfc,door_win,0.04600391909
1003,vmpfc,door_win,-0.3374998569
1003,vmpfc,door_win,-0.1310711503
1003,vmpfc,door_win,0.2210077494
1003,vmpfc,door_loss,-1.011039138
1003,vmpfc,door_loss,-1.309957862
1003,vmpfc,door_loss,-2.100760937
1003,vmpfc,door_loss,-2.461121321
1003,vmpfc,door_loss,-2.183877468
1003,vmpfc,door_loss,-1.439089656
1003,vmpfc,door_loss,-1.922014594
1003,vmpfc,door_loss,-1.075764418
1003,vmpfc,door_loss,-0.4970058799
1003,vmpfc,door_loss,-2.040833235
1003,vmpfc,door_loss,-2.119937658
1003,vmpfc,door_loss,-1.188110709
1003,vmpfc,door_loss,-1.877504706
1003,vmpfc,door_loss,-2.558997869
1003,vmpfc,door_loss,-2.566652775
1003,vmpfc,door_loss,-0.7547701001
1003,vmpfc,door_loss,-2.220763206
1003,vmpfc,door_loss,-2.057194471
1003,vmpfc,door_loss,-1.741653323
1004,vmpfc,door_win,-0.8381767869
1004,vmpfc,door_win,-0.4551748633
1004,vmpfc,door_win,0.3603046834
1004,vmpfc,door_win,1.0162009
1004,vmpfc,door_win,0.8637110591
1004,vmpfc,door_win,-0.9774257541
1004,vmpfc,door_win,-0.8814892173
1004,vmpfc,door_win,-0.3398358524
1004,vmpfc,door_win,0.6438167691
1004,vmpfc,door_win,0.8298973441
1004,vmpfc,door_win,0.15665631
1004,vmpfc,door_win,0.7115139365
1004,vmpfc,door_win,1.718816757
1004,vmpfc,door_win,0.9848603606
1004,vmpfc,door_win,-0.8199099302
1004,vmpfc,door_win,0.3920119405
1004,vmpfc,door_win,-0.587295413
1004,vmpfc,door_win,-1.023096681
1004,vmpfc,door_win,-0.6274886131
1004,vmpfc,door_loss,-1.712885976
1004,vmpfc,door_loss,-2.245109558
1004,vmpfc,door_loss,-0.8211778402
1004,vmpfc,door_loss,0.276017189
1004,vmpfc,door_loss,-1.41601634
1004,vmpfc,door_loss,-2.375455618
1004,vmpfc,door_loss,-1.370889425
1004,vmpfc,door_loss,0.168822214
1004,vmpfc,door_loss,-1.253376961
1004,vmpfc,door_loss,-0.3136900067
1004,vmpfc,door_loss,-0.130062893
1004,vmpfc,door_loss,-1.292263508
1004,vmpfc,door_loss,-0.8212866783
1004,vmpfc,door_loss,-0.7901063561
1004,vmpfc,door_loss,-1.374962807
1004,vmpfc,door_loss,-0.01181324758
1004,vmpfc,door_loss,-0.6438933611
1004,vmpfc,door_loss,-1.107372761
1004,vmpfc,door_loss,-0.3940462768
1006,vmpfc,door_win,-0.8133282661
1006,vmpfc,door_win,-1.37659359
1006,vmpfc,door_win,-0.8504877687
1006,vmpfc,door_win,-0.3600518107
1006,vmpfc,door_win,-1.499664903
1006,vmpfc,door_win,-0.7347400188
1006,vmpfc,door_win,0.3757645488
1006,vmpfc,door_win,1.349804163
1006,vmpfc,door_win,-0.3876043558
1006,vmpfc,door_win,0.5237979293
1006,vmpfc,door_win,1.131132364
1006,vmpfc,door_win,-0.9218361974
1006,vmpfc,door_win,-0.703920722
1006,vmpfc,door_win,-0.7587108612
1006,vmpfc,door_win,0.2618983686
1006,vmpfc,door_win,0.2281145602
1006,vmpfc,door_win,0.7982261181
1006,vmpfc,door_win,0.3235554695
1006,vmpfc,door_win,0.4264813364
1006,vmpfc,door_loss,-0.6626109481
1006,vmpfc,door_loss,-1.302993894
1006,vmpfc,door_loss,-0.9674536586
1006,vmpfc,door_loss,-0.3017114699
1006,vmpfc,door_loss,-1.1295228
1006,vmpfc,door_loss,-0.9417935014
1006,vmpfc,door_loss,-0.6038370132
1006,vmpfc,door_loss,-0.06812401116
1006,vmpfc,door_loss,-0.6273289919
1006,vmpfc,door_loss,0.03569696844
1006,vmpfc,door_loss,-0.1759695709
1006,vmpfc,door_loss,-1.266459584
1006,vmpfc,door_loss,-0.5832028389
1006,vmpfc,door_loss,-0.8435795903
1006,vmpfc,door_loss,-0.8211202621
1006,vmpfc,door_loss,-0.8588825464
1006,vmpfc,door_loss,-0.4226469696
1006,vmpfc,door_loss,-0.8128226995
1006,vmpfc,door_loss,-0.6365050673
1007,vmpfc,door_win,0.5659562349
1007,vmpfc,door_win,-0.9043318033
1007,vmpfc,door_win,-0.1326168776
1007,vmpfc,door_win,0.09021516144
1007,vmpfc,door_win,-0.1338359714
1007,vmpfc,door_win,1.280848265
1007,vmpfc,door_win,1.131792068
1007,vmpfc,door_win,1.16957891
1007,vmpfc,door_win,-1.510781765
1007,vmpfc,door_win,-0.08191525936
1007,vmpfc,door_win,0.4071002603
1007,vmpfc,door_win,-0.8861525059
1007,vmpfc,door_win,-0.2230591327
1007,vmpfc,door_win,-0.3841894567
1007,vmpfc,door_win,0.9784923792
1007,vmpfc,door_win,-1.627278566
1007,vmpfc,door_win,-0.1734265238
1007,vmpfc,door_win,1.308781147
1007,vmpfc,door_win,-0.118640922
1007,vmpfc,door_loss,0.4979032576
1007,vmpfc,door_loss,-0.7155662775
1007,vmpfc,door_loss,-0.3371813595
1007,vmpfc,door_loss,-0.2608232498
1007,vmpfc,door_loss,-1.007577181
1007,vmpfc,door_loss,-0.517115891
1007,vmpfc,door_loss,0.6103698611
1007,vmpfc,door_loss,1.219959736
1007,vmpfc,door_loss,-1.211598158
1007,vmpfc,door_loss,-0.5953794718
1007,vmpfc,door_loss,0.1624846607
1007,vmpfc,door_loss,-1.068341374
1007,vmpfc,door_loss,-1.288626194
1007,vmpfc,door_loss,-0.2983362377
1007,vmpfc,door_loss,0.6298972964
1007,vmpfc,door_loss,-0.8961222768
1007,vmpfc,door_loss,0.2392824292
1007,vmpfc,door_loss,1.449450016
1007,vmpfc,door_loss,-0.1198031828
1009,vmpfc,door_win,1.059734941
1009,vmpfc,door_win,0.6307194233
1009,vmpfc,door_win,1.216382861
1009,vmpfc,door_win,0.8951296806
1009,vmpfc,door_win,0.5270254612
1009,vmpfc,door_win,1.116925716
1009,vmpfc,door_win,1.387687445
1009,vmpfc,door_win,0.8783551455
1009,vmpfc,door_win,0.9298447371
1009,vmpfc,door_win,1.768042088
1009,vmpfc,door_win,0.8309173584
1009,vmpfc,door_win,0.8075217009
1009,vmpfc,door_win,1.363381863
1009,vmpfc,door_win,0.5452052951
1009,vmpfc,door_win,1.600182056
1009,vmpfc,door_win,1.654115319
1009,vmpfc,door_win,2.308607101
1009,vmpfc,door_win,1.195387721
1009,vmpfc,door_win,2.291074753
1009,vmpfc,door_loss,1.063367605
1009,vmpfc,door_loss,1.77408433
1009,vmpfc,door_loss,2.583563089
1009,vmpfc,door_loss,0.8572928309
1009,vmpfc,door_loss,1.974521518
1009,vmpfc,door_loss,1.340907931
1009,vmpfc,door_loss,1.279203773
1009,vmpfc,door_loss,1.044831157
1009,vmpfc,door_loss,1.81769824
1009,vmpfc,door_loss,2.172456741
1009,vmpfc,door_loss,0.4267843664
1009,vmpfc,door_loss,1.278244615
1009,vmpfc,door_loss,1.536031127
1009,vmpfc,door_loss,0.3224582374
1009,vmpfc,door_loss,0.5216684341
1009,vmpfc,door_loss,2.336445332
1009,vmpfc,door_loss,1.864934683
1009,vmpfc,door_loss,-0.01325378008
1009,vmpfc,door_loss,1.69879508
1010,vmpfc,door_win,0.6823583841
1010,vmpfc,door_win,1.03643775
1010,vmpfc,door_win,0.9801011086
1010,vmpfc,door_win,1.009114027
1010,vmpfc,door_win,1.019567609
1010,vmpfc,door_win,0.5223405957
1010,vmpfc,door_win,0.3045130968
1010,vmpfc,door_win,-0.04927945137
1010,vmpfc,door_win,1.241076708
1010,vmpfc,door_win,0.8595481515
1010,vmpfc,door_win,0.5597808361
1010,vmpfc,door_win,1.054962754
1010,vmpfc,door_win,0.7460431457
1010,vmpfc,door_win,0.9094808102
1010,vmpfc,door_win,0.02577727847
1010,vmpfc,door_win,0.9338380098
1010,vmpfc,door_win,0.6131463051
1010,vmpfc,door_win,0.03284305707
1010,vmpfc,door_win,0.5407571197
1010,vmpfc,door_loss,-0.9485441446
1010,vmpfc,door_loss,1.310722947
1010,vmpfc,door_loss,0.4764940441
1010,vmpfc,door_loss,0.4012521505
1010,vmpfc,door_loss,1.689524055
1010,vmpfc,door_loss,0.3698509037
1010,vmpfc,door_loss,0.0482644178
1010,vmpfc,door_loss,0.1366793811
1010,vmpfc,door_loss,1.021236658
1010,vmpfc,door_loss,0.7447270751
1010,vmpfc,door_loss,0.06295569241
1010,vmpfc,door_loss,1.503923178
1010,vmpfc,door_loss,1.168062687
1010,vmpfc,door_loss,0.4319608808
1010,vmpfc,door_loss,0.1021379605
1010,vmpfc,door_loss,0.3222304285
1010,vmpfc,door_loss,0.2035115957
1010,vmpfc,door_loss,0.08446349204
1010,vmpfc,door_loss,-0.2876713276
1011,vmpfc,door_win,-1.11326611
1011,vmpfc,door_win,0.8262725472
1011,vmpfc,door_win,0.3016600311
1011,vmpfc,door_win,0.7703997493
1011,vmpfc,door_win,1.608033061
1011,vmpfc,door_win,-0.537848115
1011,vmpfc,door_win,-0.9820179939
1011,vmpfc,door_win,0.2040922046
1011,vmpfc,door_win,-0.1141093746
1011,vmpfc,door_win,-0.9933378696
1011,vmpfc,door_win,0.5880819559
1011,vmpfc,door_win,0.5701013207
1011,vmpfc,door_win,-0.2404902279
1011,vmpfc,door_win,0.6567339897
1011,vmpfc,door_win,-1.666021228
1011,vmpfc,door_win,-0.3028931022
1011,vmpfc,door_win,-1.379778147
1011,vmpfc,door_win,0.4022176564
1011,vmpfc,door_win,-1.134733438
1011,vmpfc,door_loss,-0.4976550639
1011,vmpfc,door_loss,0.9390103817
1011,vmpfc,door_loss,1.096462131
1011,vmpfc,door_loss,1.418827057
1011,vmpfc,door_loss,2.617372274
1011,vmpfc,door_loss,-0.8533560038
1011,vmpfc,door_loss,-1.0064013
1011,vmpfc,door_loss,0.1030357927
1011,vmpfc,door_loss,0.07861915976
1011,vmpfc,door_loss,-0.5123817921
1011,vmpfc,door_loss,0.6829744577
1011,vmpfc,door_loss,1.154135823
1011,vmpfc,door_loss,0.945443213
1011,vmpfc,door_loss,1.066144824
1011,vmpfc,door_loss,-1.041448236
1011,vmpfc,door_loss,0.2914934158
1011,vmpfc,door_loss,-0.9901576042
1011,vmpfc,door_loss,-0.04368240386
1011,vmpfc,door_loss,-0.7109106779
1012,vmpfc,door_win,0.1990231574
1012,vmpfc,door_win,-0.08451120555
1012,vmpfc,door_win,0.465012908
1012,vmpfc,door_win,0.799777627
1012,vmpfc,door_win,0.4772798121
1012,vmpfc,door_win,-0.2152365893
1012,vmpfc,door_win,1.072271705
1012,vmpfc,door_win,0.6593872905
1012,vmpfc,door_win,-0.273888737
1012,vmpfc,door_win,0.4902358949
1012,vmpfc,door_win,0.9057607055
1012,vmpfc,door_win,-0.4346447587
1012,vmpfc,door_win,0.2828379869
1012,vmpfc,door_win,0.6617109776
1012,vmpfc,door_win,1.773051977
1012,vmpfc,door_win,0.1803325415
1012,vmpfc,door_win,0.3652637005
1012,vmpfc,door_win,0.6532716751
1012,vmpfc,door_win,0.06432900578
1012,vmpfc,door_loss,0.7922075391
1012,vmpfc,door_loss,0.1151081249
1012,vmpfc,door_loss,0.5767199397
1012,vmpfc,door_loss,0.918450892
1012,vmpfc,door_loss,0.1164581478
1012,vmpfc,door_loss,-0.3155200481
1012,vmpfc,door_loss,1.225380659
1012,vmpfc,door_loss,0.5196318626
1012,vmpfc,door_loss,0.4252098203
1012,vmpfc,door_loss,0.562767148
1012,vmpfc,door_loss,0.3944019079
1012,vmpfc,door_loss,-0.5836346745
1012,vmpfc,door_loss,-0.1316872388
1012,vmpfc,door_loss,0.00943083968
1012,vmpfc,door_loss,0.6582149863
1012,vmpfc,door_loss,0.6565721631
1012,vmpfc,door_loss,-0.04177435115
1012,vmpfc,door_loss,-0.3599052131
1012,vmpfc,door_loss,-0.492025435
1013,vmpfc,door_win,-0.4438638687
1013,vmpfc,door_win,-0.4464633465
1013,vmpfc,door_win,-0.8837266564
1013,vmpfc,door_win,-0.9839199185
1013,vmpfc,door_win,-0.9839747548
1013,vmpfc,door_win,-1.368048429
1013,vmpfc,door_win,-1.085714817
1013,vmpfc,door_win,-1.495546103
1013,vmpfc,door_win,-1.01477015
1013,vmpfc,door_win,-1.552417994
1013,vmpfc,door_win,-1.587595344
1013,vmpfc,door_win,-1.208678007
1013,vmpfc,door_win,-1.786527753
1013,vmpfc,door_win,-0.7062514424
1013,vmpfc,door_win,-1.646575689
1013,vmpfc,door_win,-0.6282936931
1013,vmpfc,door_win,-0.9238142371
1013,vmpfc,door_win,-1.570006132
1013,vmpfc,door_win,-0.7169086933
1013,vmpfc,door_loss,-1.456956983
1013,vmpfc,door_loss,-0.9185349345
1013,vmpfc,door_loss,-2.170639277
1013,vmpfc,door_loss,-2.129300356
1013,vmpfc,door_loss,-1.600719333
1013,vmpfc,door_loss,-1.055686235
1013,vmpfc,door_loss,-0.9677464962
1013,vmpfc,door_loss,-1.608898282
1013,vmpfc,door_loss,-0.4518934488
1013,vmpfc,door_loss,-1.371378779
1013,vmpfc,door_loss,-1.954320312
1013,vmpfc,door_loss,-1.555187702
1013,vmpfc,door_loss,-2.125978231
1013,vmpfc,door_loss,-1.468494058
1013,vmpfc,door_loss,-1.307845592
1013,vmpfc,door_loss,-0.5439510942
1013,vmpfc,door_loss,-1.243458271
1013,vmpfc,door_loss,-2.22635293
1013,vmpfc,door_loss,-2.797159195
1015,vmpfc,door_win,-0.3222043812
1015,vmpfc,door_win,0.2024123222
1015,vmpfc,door_win,0.3018932939
1015,vmpfc,door_win,-0.06341462582
1015,vmpfc,door_win,0.4707728028
1015,vmpfc,door_win,-1.284290195
1015,vmpfc,door_win,-1.419635415
1015,vmpfc,door_win,-0.344794631
1015,vmpfc,door_win,-0.7355958819
1015,vmpfc,door_win,-0.7431497574
1015,vmpfc,door_win,-0.8158797622
1015,vmpfc,door_win,0.8689978123
1015,vmpfc,door_win,0.9125091434
1015,vmpfc,door_win,-0.8225039244
1015,vmpfc,door_win,-0.7253733277
1015,vmpfc,door_win,-0.3895412385
1015,vmpfc,door_win,-0.09754151106
1015,vmpfc,door_win,-0.1049014926
1015,vmpfc,door_win,0.7557510734
1015,vmpfc,door_loss,-1.222211003
1015,vmpfc,door_loss,-0.8531965613
1015,vmpfc,door_loss,-0.3570922911
1015,vmpfc,door_loss,-0.5563813448
1015,vmpfc,door_loss,0.07844010741
1015,vmpfc,door_loss,-2.554770947
1015,vmpfc,door_loss,-2.747318745
1015,vmpfc,door_loss,-1.293712258
1015,vmpfc,door_loss,-1.929180145
1015,vmpfc,door_loss,-1.641426325
1015,vmpfc,door_loss,-1.299052835
1015,vmpfc,door_loss,0.1589684933
1015,vmpfc,door_loss,0.5351537466
1015,vmpfc,door_loss,-1.072681069
1015,vmpfc,door_loss,-1.367422938
1015,vmpfc,door_loss,-1.025638342
1015,vmpfc,door_loss,-1.054607391
1015,vmpfc,door_loss,-0.8328469992
1015,vmpfc,door_loss,0.1620706171
1016,vmpfc,door_win,2.039518595
1016,vmpfc,door_win,1.276962519
1016,vmpfc,door_win,3.488125801
1016,vmpfc,door_win,3.551169872
1016,vmpfc,door_win,3.999562979
1016,vmpfc,door_win,1.216599464
1016,vmpfc,door_win,2.059138298
1016,vmpfc,door_win,2.724914074
1016,vmpfc,door_win,1.444402575
1016,vmpfc,door_win,2.408737421
1016,vmpfc,door_win,2.386320591
1016,vmpfc,door_win,3.097075462
1016,vmpfc,door_win,3.17327404
1016,vmpfc,door_win,2.843140125
1016,vmpfc,door_win,0.9110145569
1016,vmpfc,door_win,1.009554505
1016,vmpfc,door_win,1.274457335
1016,vmpfc,door_win,2.414157152
1016,vmpfc,door_win,2.254239798
1016,vmpfc,door_loss,1.638141155
1016,vmpfc,door_loss,1.220111251
1016,vmpfc,door_loss,2.827858925
1016,vmpfc,door_loss,3.062470198
1016,vmpfc,door_loss,3.059117317
1016,vmpfc,door_loss,1.321479321
1016,vmpfc,door_loss,1.601457357
1016,vmpfc,door_loss,2.301437855
1016,vmpfc,door_loss,1.768336773
1016,vmpfc,door_loss,2.174584389
1016,vmpfc,door_loss,2.264122009
1016,vmpfc,door_loss,2.290980577
1016,vmpfc,door_loss,2.39104414
1016,vmpfc,door_loss,2.447392464
1016,vmpfc,door_loss,1.471479297
1016,vmpfc,door_loss,1.883416414
1016,vmpfc,door_loss,1.855683684
1016,vmpfc,door_loss,2.735104084
1016,vmpfc,door_loss,1.80694592
1019,vmpfc,door_win,0.5996916294
1019,vmpfc,door_win,0.5324819684
1019,vmpfc,door_win,0.1786723435
1019,vmpfc,door_win,-0.3427751958
1019,vmpfc,door_win,0.9788642526
1019,vmpfc,door_win,0.2331158817
1019,vmpfc,door_win,0.4733029902
1019,vmpfc,door_win,-0.1708358824
1019,vmpfc,door_win,0.3093957901
1019,vmpfc,door_win,0.4744427204
1019,vmpfc,door_win,-0.007689694408
1019,vmpfc,door_win,0.6615816355
1019,vmpfc,door_win,0.9935966134
1019,vmpfc,door_win,0.4084895849
1019,vmpfc,door_win,-0.1496610641
1019,vmpfc,door_win,-0.9322243929
1019,vmpfc,door_win,-0.3909966648
1019,vmpfc,door_win,-0.07758190483
1019,vmpfc,door_win,0.1991313398
1019,vmpfc,door_loss,0.5221065879
1019,vmpfc,door_loss,0.3992115259
1019,vmpfc,door_loss,0.08882129937
1019,vmpfc,door_loss,-0.3796206117
1019,vmpfc,door_loss,0.8944801092
1019,vmpfc,door_loss,1.001399755
1019,vmpfc,door_loss,1.534699678
1019,vmpfc,door_loss,0.8234224319
1019,vmpfc,door_loss,0.5628513098
1019,vmpfc,door_loss,0.7044200301
1019,vmpfc,door_loss,0.1447208822
1019,vmpfc,door_loss,0.7091643214
1019,vmpfc,door_loss,0.9127575755
1019,vmpfc,door_loss,0.5448434949
1019,vmpfc,door_loss,0.3733366132
1019,vmpfc,door_loss,0.01048264187
1019,vmpfc,door_loss,0.02513188496
1019,vmpfc,door_loss,0.3178791702
1019,vmpfc,door_loss,0.3197859824
1021,vmpfc,door_win,0.2779449224
1021,vmpfc,door_win,0.06171296537
1021,vmpfc,door_win,0.6215620637
1021,vmpfc,door_win,2.129423141
1021,vmpfc,door_win,0.935734272
1021,vmpfc,door_win,-0.3397224545
1021,vmpfc,door_win,-0.1170936078
1021,vmpfc,door_win,-0.1153378636
1021,vmpfc,door_win,-0.147660464
1021,vmpfc,door_win,0.324154526
1021,vmpfc,door_win,1.671653986
1021,vmpfc,door_win,-0.0371462889
1021,vmpfc,door_win,0.9124231935
1021,vmpfc,door_win,2.482522488
1021,vmpfc,door_win,0.3958284259
1021,vmpfc,door_win,0.07200472802
1021,vmpfc,door_win,0.5765682459
1021,vmpfc,door_win,1.329583287
1021,vmpfc,door_win,0.920148015
1021,vmpfc,door_loss,1.248506665
1021,vmpfc,door_loss,0.3804485202
1021,vmpfc,door_loss,1.470654964
1021,vmpfc,door_loss,1.823901057
1021,vmpfc,door_loss,1.08879745
1021,vmpfc,door_loss,0.2480871528
1021,vmpfc,door_loss,0.9568353295
1021,vmpfc,door_loss,0.4651604891
1021,vmpfc,door_loss,0.03672341257
1021,vmpfc,door_loss,0.5963628292
1021,vmpfc,door_loss,0.6866708398
1021,vmpfc,door_loss,-0.3156674504
1021,vmpfc,door_loss,0.3277577162
1021,vmpfc,door_loss,1.13354063
1021,vmpfc,door_loss,1.229274154
1021,vmpfc,door_loss,0.7157377005
1021,vmpfc,door_loss,0.8083286285
1021,vmpfc,door_loss,0.3800735176
1021,vmpfc,door_loss,1.197424769
1240,vmpfc,door_win,0.2930125594
1240,vmpfc,door_win,0.2588586211
1240,vmpfc,door_win,0.5352530479
1240,vmpfc,door_win,0.4074227214
1240,vmpfc,door_win,0.6694479585
1240,vmpfc,door_win,0.4388297498
1240,vmpfc,door_win,0.3949386179
1240,vmpfc,door_win,0.3338462412
1240,vmpfc,door_win,0.3284507394
1240,vmpfc,door_win,0.1645043939
1240,vmpfc,door_win,0.2615033388
1240,vmpfc,door_win,-0.3974312842
1240,vmpfc,door_win,-0.6754350662
1240,vmpfc,door_win,-0.2180044502
1240,vmpfc,door_win,1.054285407
1240,vmpfc,door_win,-0.9759538174
1240,vmpfc,door_win,-0.5409297347
1240,vmpfc,door_win,0.1225220412
1240,vmpfc,door_win,-1.805825949
1240,vmpfc,door_loss,-0.8608464003
1240,vmpfc,door_loss,-0.5812088251
1240,vmpfc,door_loss,-0.4495838284
1240,vmpfc,door_loss,0.1376303285
1240,vmpfc,door_loss,0.3798071444
1240,vmpfc,door_loss,0.01104437001
1240,vmpfc,door_loss,0.01340645645
1240,vmpfc,door_loss,-0.1039349362
1240,vmpfc,door_loss,-0.2552672625
1240,vmpfc,door_loss,-0.3932152689
1240,vmpfc,door_loss,-0.2961082757
1240,vmpfc,door_loss,-0.8517387509
1240,vmpfc,door_loss,-1.055596471
1240,vmpfc,door_loss,-0.4493387043
1240,vmpfc,door_loss,1.226940274
1240,vmpfc,door_loss,-0.464707166
1240,vmpfc,door_loss,0.01050361339
1240,vmpfc,door_loss,0.366969794
1240,vmpfc,door_loss,-0.991040647
1242,vmpfc,door_win,-0.4819912612
1242,vmpfc,door_win,0.8919311166
1242,vmpfc,door_win,0.1176996827
1242,vmpfc,door_win,1.070395947
1242,vmpfc,door_win,0.9268354774
1242,vmpfc,door_win,0.1512300521
1242,vmpfc,door_win,-0.762643218
1242,vmpfc,door_win,0.2647879124
1242,vmpfc,door_win,0.6928622723
1242,vmpfc,door_win,0.5061786771
1242,vmpfc,door_win,1.837813258
1242,vmpfc,door_win,1.588686109
1242,vmpfc,door_win,1.500358343
1242,vmpfc,door_win,2.02663064
1242,vmpfc,door_win,0.3627440631
1242,vmpfc,door_win,0.3319647014
1242,vmpfc,door_win,1.016796231
1242,vmpfc,door_win,1.553536177
1242,vmpfc,door_win,1.881246448
1242,vmpfc,door_loss,-1.132163286
1242,vmpfc,door_loss,0.06990613043
1242,vmpfc,door_loss,-0.3902202845
1242,vmpfc,door_loss,1.22255218
1242,vmpfc,door_loss,-0.0680853948
1242,vmpfc,door_loss,-0.5471459031
1242,vmpfc,door_loss,-1.09640336
1242,vmpfc,door_loss,1.128900886
1242,vmpfc,door_loss,0.6242386103
1242,vmpfc,door_loss,0.007047144696
1242,vmpfc,door_loss,1.77020216
1242,vmpfc,door_loss,0.7535455823
1242,vmpfc,door_loss,0.6590078473
1242,vmpfc,door_loss,1.475870013
1242,vmpfc,door_loss,0.2707948685
1242,vmpfc,door_loss,0.9666288495
1242,vmpfc,door_loss,0.8281084895
1242,vmpfc,door_loss,1.271330476
1242,vmpfc,door_loss,1.748010755
1243,vmpfc,door_win,-1.191181183
1243,vmpfc,door_win,-0.596817553
1243,vmpfc,door_win,-0.5931337476
1243,vmpfc,door_win,-0.8050652146
1243,vmpfc,door_win,-0.03352780268
1243,vmpfc,door_win,-0.4135890901
1243,vmpfc,door_win,-0.6921755075
1243,vmpfc,door_win,0.36378178
1243,vmpfc,door_win,-0.1831278056
1243,vmpfc,door_win,0.4983583689
1243,vmpfc,door_win,1.421686292
1243,vmpfc,door_win,-0.6106301546
1243,vmpfc,door_win,0.9023917913
1243,vmpfc,door_win,2.51421237
1243,vmpfc,door_win,0.8329246044
1243,vmpfc,door_win,0.8905352354
1243,vmpfc,door_win,1.361680388
1243,vmpfc,door_win,1.737053037
1243,vmpfc,door_win,1.015728116
1243,vmpfc,door_loss,-0.07728727907
1243,vmpfc,door_loss,0.4871521592
1243,vmpfc,door_loss,0.7526498437
1243,vmpfc,door_loss,0.6182297468
1243,vmpfc,door_loss,0.5910415649
1243,vmpfc,door_loss,0.3598620892
1243,vmpfc,door_loss,-0.04979788512
1243,vmpfc,door_loss,0.9461168647
1243,vmpfc,door_loss,0.1933644265
1243,vmpfc,door_loss,0.8827383518
1243,vmpfc,door_loss,1.795634031
1243,vmpfc,door_loss,-0.4548060298
1243,vmpfc,door_loss,1.009141445
1243,vmpfc,door_loss,2.193680286
1243,vmpfc,door_loss,0.5601876378
1243,vmpfc,door_loss,0.4383300245
1243,vmpfc,door_loss,0.9343562126
1243,vmpfc,door_loss,1.630464911
1243,vmpfc,door_loss,0.6287095547
1244,vmpfc,door_win,1.569625497
1244,vmpfc,door_win,1.662570357
1244,vmpfc,door_win,1.928520441
1244,vmpfc,door_win,1.423658133
1244,vmpfc,door_win,2.281409502
1244,vmpfc,door_win,1.531000733
1244,vmpfc,door_win,2.242634296
1244,vmpfc,door_win,1.292577028
1244,vmpfc,door_win,2.618732929
1244,vmpfc,door_win,2.800242424
1244,vmpfc,door_win,1.851534486
1244,vmpfc,door_win,1.887069702
1244,vmpfc,door_win,2.513571024
1244,vmpfc,door_win,2.531664371
1244,vmpfc,door_win,1.927397847
1244,vmpfc,door_win,1.764518023
1244,vmpfc,door_win,1.971449256
1244,vmpfc,door_win,1.046447754
1244,vmpfc,door_win,1.257953763
1244,vmpfc,door_loss,1.604165316
1244,vmpfc,door_loss,1.44941318
1244,vmpfc,door_loss,1.767532468
1244,vmpfc,door_loss,0.8059033155
1244,vmpfc,door_loss,0.7765760422
1244,vmpfc,door_loss,1.267545819
1244,vmpfc,door_loss,1.691223741
1244,vmpfc,door_loss,0.927233994
1244,vmpfc,door_loss,1.699097991
1244,vmpfc,door_loss,1.547870994
1244,vmpfc,door_loss,0.6221584082
1244,vmpfc,door_loss,0.3052338064
1244,vmpfc,door_loss,0.5379152894
1244,vmpfc,door_loss,0.3640484512
1244,vmpfc,door_loss,1.188601375
1244,vmpfc,door_loss,0.442525804
1244,vmpfc,door_loss,0.2970004678
1244,vmpfc,door_loss,0.2198893726
1244,vmpfc,door_loss,-0.3860162795
1245,vmpfc,door_win,0.7132506967
1245,vmpfc,door_win,-0.9559411407
1245,vmpfc,door_win,-0.1856599301
1245,vmpfc,door_win,1.118205905
1245,vmpfc,door_win,0.2337062657
1245,vmpfc,door_win,-1.285901666
1245,vmpfc,door_win,-0.4175778627
1245,vmpfc,door_win,1.065362811
1245,vmpfc,door_win,-1.959268332
1245,vmpfc,door_win,-0.9446911812
1245,vmpfc,door_win,0.9765613675
1245,vmpfc,door_win,-0.9977400899
1245,vmpfc,door_win,-0.3398153782
1245,vmpfc,door_win,1.356327891
1245,vmpfc,door_win,-0.8191808462
1245,vmpfc,door_win,-1.500594974
1245,vmpfc,door_win,-0.685503006
1245,vmpfc,door_win,0.5742529035
1245,vmpfc,door_win,-0.7098767161
1245,vmpfc,door_loss,0.09002022445
1245,vmpfc,door_loss,-0.6668053865
1245,vmpfc,door_loss,-0.1179691255
1245,vmpfc,door_loss,0.01804208569
1245,vmpfc,door_loss,0.8186728954
1245,vmpfc,door_loss,-0.6476732492
1245,vmpfc,door_loss,-0.0139145935
1245,vmpfc,door_loss,1.433689475
1245,vmpfc,door_loss,-0.7506523728
1245,vmpfc,door_loss,0.06212354079
1245,vmpfc,door_loss,1.311444521
1245,vmpfc,door_loss,0.0952675119
1245,vmpfc,door_loss,0.9107410908
1245,vmpfc,door_loss,1.964549541
1245,vmpfc,door_loss,-1.201181769
1245,vmpfc,door_loss,-0.8592575192
1245,vmpfc,door_loss,-0.297131598
1245,vmpfc,door_loss,1.074158907
1245,vmpfc,door_loss,0.3208240271
1247,vmpfc,door_win,4.183558464
1247,vmpfc,door_win,3.92577076
1247,vmpfc,door_win,4.382558823
1247,vmpfc,door_win,2.942138433
1247,vmpfc,door_win,3.993202686
1247,vmpfc,door_win,2.396109581
1247,vmpfc,door_win,3.117598295
1247,vmpfc,door_win,3.260642529
1247,vmpfc,door_win,2.383299112
1247,vmpfc,door_win,3.445395708
1247,vmpfc,door_win,3.437681437
1247,vmpfc,door_win,2.186963081
1247,vmpfc,door_win,2.614485979
1247,vmpfc,door_win,2.693306446
1247,vmpfc,door_win,0.1151933223
1247,vmpfc,door_win,0.9583275318
1247,vmpfc,door_win,1.884564757
1247,vmpfc,door_win,2.449795961
1247,vmpfc,door_win,2.424832344
1247,vmpfc,door_loss,3.237069607
1247,vmpfc,door_loss,2.411859512
1247,vmpfc,door_loss,3.572427988
1247,vmpfc,door_loss,2.061764717
1247,vmpfc,door_loss,3.622077227
1247,vmpfc,door_loss,1.710798264
1247,vmpfc,door_loss,2.755092144
1247,vmpfc,door_loss,2.539772987
1247,vmpfc,door_loss,1.489903569
1247,vmpfc,door_loss,3.3411026
1247,vmpfc,door_loss,3.263818502
1247,vmpfc,door_loss,1.614195943
1247,vmpfc,door_loss,2.332351923
1247,vmpfc,door_loss,2.381490946
1247,vmpfc,door_loss,0.4844363034
1247,vmpfc,door_loss,0.3695975542
1247,vmpfc,door_loss,1.826766729
1247,vmpfc,door_loss,1.638221025
1247,vmpfc,door_loss,1.048746467
1248,vmpfc,door_win,-1.064748168
1248,vmpfc,door_win,-0.6003474593
1248,vmpfc,door_win,-0.2449017614
1248,vmpfc,door_win,-0.8895594478
1248,vmpfc,door_win,1.208825469
1248,vmpfc,door_win,-0.9428405166
1248,vmpfc,door_win,-0.1158213168
1248,vmpfc,door_win,-0.3053777814
1248,vmpfc,door_win,0.1863916367
1248,vmpfc,door_win,0.9832238555
1248,vmpfc,door_win,0.4605467021
1248,vmpfc,door_win,0.5360797644
1248,vmpfc,door_win,1.427459121
1248,vmpfc,door_win,1.204560399
1248,vmpfc,door_win,-0.05688836798
1248,vmpfc,door_win,0.8901996017
1248,vmpfc,door_win,1.508456588
1248,vmpfc,door_win,1.181883335
1248,vmpfc,door_win,1.402459383
1248,vmpfc,door_loss,-0.6664845347
1248,vmpfc,door_loss,-0.4745458663
1248,vmpfc,door_loss,-0.07292120904
1248,vmpfc,door_loss,-1.06777823
1248,vmpfc,door_loss,0.8085367084
1248,vmpfc,door_loss,-0.1709918231
1248,vmpfc,door_loss,0.2281105369
1248,vmpfc,door_loss,-0.7906050086
1248,vmpfc,door_loss,0.2546755672
1248,vmpfc,door_loss,0.7960702777
1248,vmpfc,door_loss,-0.1521279514
1248,vmpfc,door_loss,0.268972367
1248,vmpfc,door_loss,0.8762541413
1248,vmpfc,door_loss,0.275180608
1248,vmpfc,door_loss,-0.2747097015
1248,vmpfc,door_loss,0.3516909778
1248,vmpfc,door_loss,0.4956499636
1248,vmpfc,door_loss,-0.1867946684
1248,vmpfc,door_loss,0.2345325202
1249,vmpfc,door_win,-0.6658806801
1249,vmpfc,door_win,-0.3799394071
1249,vmpfc,door_win,-0.1506688297
1249,vmpfc,door_win,0.4129548669
1249,vmpfc,door_win,1.4734869
1249,vmpfc,door_win,-0.7804577947
1249,vmpfc,door_win,-0.6905234456
1249,vmpfc,door_win,-0.8088598251
1249,vmpfc,door_win,-0.5705443621
1249,vmpfc,door_win,-0.5610976815
1249,vmpfc,door_win,0.3422931731
1249,vmpfc,door_win,0.5074359179
1249,vmpfc,door_win,0.09526993334
1249,vmpfc,door_win,0.2740762532
1249,vmpfc,door_win,-0.190318957
1249,vmpfc,door_win,-0.6264354587
1249,vmpfc,door_win,-0.376953572
1249,vmpfc,door_win,0.4625145793
1249,vmpfc,door_win,0.1540166587
1249,vmpfc,door_loss,0.1020945087
1249,vmpfc,door_loss,0.3122267425
1249,vmpfc,door_loss,0.5442682505
1249,vmpfc,door_loss,-0.3505430818
1249,vmpfc,door_loss,0.2369454354
1249,vmpfc,door_loss,0.2098471969
1249,vmpfc,door_loss,-0.06017933041
1249,vmpfc,door_loss,-0.6192650199
1249,vmpfc,door_loss,0.07369425893
1249,vmpfc,door_loss,-0.0229590144
1249,vmpfc,door_loss,0.07104255259
1249,vmpfc,door_loss,0.3287121356
1249,vmpfc,door_loss,-0.2120831907
1249,vmpfc,door_loss,-0.3761204183
1249,vmpfc,door_loss,-0.04583622143
1249,vmpfc,door_loss,-0.2486648709
1249,vmpfc,door_loss,-0.1137051806
1249,vmpfc,door_loss,0.3070504069
1249,vmpfc,door_loss,0.1466358751
1251,vmpfc,door_win,2.296587944
1251,vmpfc,door_win,0.7358905673
1251,vmpfc,door_win,1.102109075
1251,vmpfc,door_win,0.6978495121
1251,vmpfc,door_win,1.136099339
1251,vmpfc,door_win,1.697831392
1251,vmpfc,door_win,2.517529488
1251,vmpfc,door_win,1.736701846
1251,vmpfc,door_win,1.167699575
1251,vmpfc,door_win,1.627577662
1251,vmpfc,door_win,0.8653376102
1251,vmpfc,door_win,2.003283262
1251,vmpfc,door_win,2.291624546
1251,vmpfc,door_win,1.9508605
1251,vmpfc,door_win,1.981550217
1251,vmpfc,door_win,1.938063741
1251,vmpfc,door_win,2.528974295
1251,vmpfc,door_win,1.486530662
1251,vmpfc,door_win,1.893186212
1251,vmpfc,door_loss,0.9428297877
1251,vmpfc,door_loss,-0.4819475114
1251,vmpfc,door_loss,-0.189265281
1251,vmpfc,door_loss,-0.3223774731
1251,vmpfc,door_loss,-1.384038329
1251,vmpfc,door_loss,1.23658371
1251,vmpfc,door_loss,1.666388035
1251,vmpfc,door_loss,0.6138558388
1251,vmpfc,door_loss,0.1310715824
1251,vmpfc,door_loss,0.396481663
1251,vmpfc,door_loss,-0.1719551235
1251,vmpfc,door_loss,-0.1685948372
1251,vmpfc,door_loss,-0.3832346201
1251,vmpfc,door_loss,-0.5614266396
1251,vmpfc,door_loss,1.324302435
1251,vmpfc,door_loss,0.6639946103
1251,vmpfc,door_loss,0.9421287179
1251,vmpfc,door_loss,-0.4622972906
1251,vmpfc,door_loss,-0.8189218044
1253,vmpfc,door_win,-0.829046309
1253,vmpfc,door_win,-1.875255823
1253,vmpfc,door_win,-1.312129855
1253,vmpfc,door_win,0.534891665
1253,vmpfc,door_win,-0.4492601454
1253,vmpfc,door_win,-1.417746305
1253,vmpfc,door_win,-0.9394055605
1253,vmpfc,door_win,0.431727767
1253,vmpfc,door_win,-1.822623849
1253,vmpfc,door_win,-1.330601454
1253,vmpfc,door_win,0.1160138324
1253,vmpfc,door_win,-1.164006233
1253,vmpfc,door_win,-0.8528907895
1253,vmpfc,door_win,0.7963274717
1253,vmpfc,door_win,-0.9524439573
1253,vmpfc,door_win,-1.70326674
1253,vmpfc,door_win,-0.494009763
1253,vmpfc,door_win,0.3657833338
1253,vmpfc,door_win,-0.4104979634
1253,vmpfc,door_loss,-0.7037860751
1253,vmpfc,door_loss,-1.385908961
1253,vmpfc,door_loss,-0.3711285293
1253,vmpfc,door_loss,0.9581933022
1253,vmpfc,door_loss,0.008032892831
1253,vmpfc,door_loss,-1.893476486
1253,vmpfc,door_loss,-1.253665328
1253,vmpfc,door_loss,0.3259575963
1253,vmpfc,door_loss,-1.136383772
1253,vmpfc,door_loss,-0.4912238419
1253,vmpfc,door_loss,0.6537926793
1253,vmpfc,door_loss,-0.4090106189
1253,vmpfc,door_loss,-0.3548488617
1253,vmpfc,door_loss,0.4159582853
1253,vmpfc,door_loss,-1.697282076
1253,vmpfc,door_loss,-1.108029962
1253,vmpfc,door_loss,-0.3804686964
1253,vmpfc,door_loss,0.3158828318
1253,vmpfc,door_loss,-0.04465784878
1255,vmpfc,door_win,-1.211109996
1255,vmpfc,door_win,-0.09096630663
1255,vmpfc,door_win,-0.1274418235
1255,vmpfc,door_win,0.8480180502
1255,vmpfc,door_win,-0.3691350222
1255,vmpfc,door_win,-1.323227882
1255,vmpfc,door_win,-1.635773897
1255,vmpfc,door_win,-0.4720681012
1255,vmpfc,door_win,-0.3023241162
1255,vmpfc,door_win,-0.5101550221
1255,vmpfc,door_win,0.02428456582
1255,vmpfc,door_win,-0.2094294578
1255,vmpfc,door_win,-0.1788753867
1255,vmpfc,door_win,-0.1068963259
1255,vmpfc,door_win,-1.089915156
1255,vmpfc,door_win,-1.121771574
1255,vmpfc,door_win,-1.088553071
1255,vmpfc,door_win,-0.5797983408
1255,vmpfc,door_win,-0.9290468693
1255,vmpfc,door_loss,-1.783911228
1255,vmpfc,door_loss,-0.6530196667
1255,vmpfc,door_loss,-0.8356450796
1255,vmpfc,door_loss,-0.1050251797
1255,vmpfc,door_loss,-0.5977652073
1255,vmpfc,door_loss,-1.880043745
1255,vmpfc,door_loss,-2.332761049
1255,vmpfc,door_loss,-0.8315907121
1255,vmpfc,door_loss,-1.556157947
1255,vmpfc,door_loss,-1.656843185
1255,vmpfc,door_loss,-0.8992150426
1255,vmpfc,door_loss,-1.180199385
1255,vmpfc,door_loss,-1.389469147
1255,vmpfc,door_loss,-1.204791069
1255,vmpfc,door_loss,-2.0364995
1255,vmpfc,door_loss,-2.090160847
1255,vmpfc,door_loss,-2.181526184
1255,vmpfc,door_loss,-1.260428786
1255,vmpfc,door_loss,-1.928032994
1276,vmpfc,door_win,2.059361219
1276,vmpfc,door_win,0.5739821196
1276,vmpfc,door_win,0.9409701824
1276,vmpfc,door_win,0.1465040892
1276,vmpfc,door_win,-0.5639525056
1276,vmpfc,door_win,1.382533669
1276,vmpfc,door_win,1.584472775
1276,vmpfc,door_win,1.216090322
1276,vmpfc,door_win,0.1934919506
1276,vmpfc,door_win,0.3518655598
1276,vmpfc,door_win,0.1475450099
1276,vmpfc,door_win,-0.4495279193
1276,vmpfc,door_win,-0.875066638
1276,vmpfc,door_win,-1.28179872
1276,vmpfc,door_win,2.432876587
1276,vmpfc,door_win,0.1974392831
1276,vmpfc,door_win,0.05566634983
1276,vmpfc,door_win,0.61445719
1276,vmpfc,door_win,-1.14276278
1276,vmpfc,door_loss,1.568624616
1276,vmpfc,door_loss,1.122060657
1276,vmpfc,door_loss,0.8763404489
1276,vmpfc,door_loss,0.4167131484
1276,vmpfc,door_loss,0.6858819723
1276,vmpfc,door_loss,2.282241106
1276,vmpfc,door_loss,1.717531323
1276,vmpfc,door_loss,1.221993685
1276,vmpfc,door_loss,1.815010428
1276,vmpfc,door_loss,1.438439012
1276,vmpfc,door_loss,0.8492907286
1276,vmpfc,door_loss,0.8558377624
1276,vmpfc,door_loss,0.7543996572
1276,vmpfc,door_loss,0.1523292214
1276,vmpfc,door_loss,2.505537748
1276,vmpfc,door_loss,2.01665473
1276,vmpfc,door_loss,1.415764213
1276,vmpfc,door_loss,1.462601423
1276,vmpfc,door_loss,0.325237155
1286,vmpfc,door_win,1.282598495
1286,vmpfc,door_win,2.741871357
1286,vmpfc,door_win,2.14365983
1286,vmpfc,door_win,1.134009838
1286,vmpfc,door_win,1.852616668
1286,vmpfc,door_win,1.881278753
1286,vmpfc,door_win,2.080189943
1286,vmpfc,door_win,0.3029424548
1286,vmpfc,door_win,2.951606274
1286,vmpfc,door_win,2.843141794
1286,vmpfc,door_win,1.675801516
1286,vmpfc,door_win,2.906282425
1286,vmpfc,door_win,2.509662867
1286,vmpfc,door_win,1.799604654
1286,vmpfc,door_win,0.9114819169
1286,vmpfc,door_win,1.969750404
1286,vmpfc,door_win,1.479140043
1286,vmpfc,door_win,1.060331583
1286,vmpfc,door_win,1.544641018
1286,vmpfc,door_loss,0.7322699428
1286,vmpfc,door_loss,0.7887731791
1286,vmpfc,door_loss,0.7143794894
1286,vmpfc,door_loss,1.094987631
1286,vmpfc,door_loss,0.7963978648
1286,vmpfc,door_loss,2.071776867
1286,vmpfc,door_loss,2.042363644
1286,vmpfc,door_loss,0.6065626144
1286,vmpfc,door_loss,1.767562628
1286,vmpfc,door_loss,1.356992483
1286,vmpfc,door_loss,1.313512087
1286,vmpfc,door_loss,1.424120069
1286,vmpfc,door_loss,0.8528308272
1286,vmpfc,door_loss,1.286785483
1286,vmpfc,door_loss,1.587686419
1286,vmpfc,door_loss,1.949771881
1286,vmpfc,door_loss,1.185745001
1286,vmpfc,door_loss,0.8368185163
1286,vmpfc,door_loss,0.8814466
1294,vmpfc,door_win,0.4145477712
1294,vmpfc,door_win,2.444849014
1294,vmpfc,door_win,2.346362352
1294,vmpfc,door_win,1.342983484
1294,vmpfc,door_win,1.73069036
1294,vmpfc,door_win,2.406064034
1294,vmpfc,door_win,2.216079712
1294,vmpfc,door_win,1.471844196
1294,vmpfc,door_win,2.369302988
1294,vmpfc,door_win,2.354897499
1294,vmpfc,door_win,1.622535229
1294,vmpfc,door_win,0.3823407292
1294,vmpfc,door_win,2.113040209
1294,vmpfc,door_win,1.886002421
1294,vmpfc,door_win,2.634722233
1294,vmpfc,door_win,0.9480941296
1294,vmpfc,door_win,1.696720123
1294,vmpfc,door_win,1.809458494
1294,vmpfc,door_win,1.769248247
1294,vmpfc,door_loss,-0.9765837193
1294,vmpfc,door_loss,1.742815256
1294,vmpfc,door_loss,1.588948607
1294,vmpfc,door_loss,1.330652595
1294,vmpfc,door_loss,2.14371419
1294,vmpfc,door_loss,0.975219667
1294,vmpfc,door_loss,0.2516216636
1294,vmpfc,door_loss,0.9965587854
1294,vmpfc,door_loss,1.194560885
1294,vmpfc,door_loss,1.136734486
1294,vmpfc,door_loss,0.7263833284
1294,vmpfc,door_loss,-0.1139586642
1294,vmpfc,door_loss,1.550244927
1294,vmpfc,door_loss,0.5181343555
1294,vmpfc,door_loss,2.04604578
1294,vmpfc,door_loss,0.8741047978
1294,vmpfc,door_loss,1.231446862
1294,vmpfc,door_loss,0.9249024391
1294,vmpfc,door_loss,1.290635586
1300,vmpfc,door_win,1.80519259
1300,vmpfc,door_win,0.7665657997
1300,vmpfc,door_win,1.031389356
1300,vmpfc,door_win,-0.03722320497
1300,vmpfc,door_win,0.132510066
1300,vmpfc,door_win,0.9335992932
1300,vmpfc,door_win,1.487348676
1300,vmpfc,door_win,1.468711615
1300,vmpfc,door_win,0.5646856427
1300,vmpfc,door_win,0.8908552527
1300,vmpfc,door_win,0.8039013147
1300,vmpfc,door_win,0.638269186
1300,vmpfc,door_win,1.040066719
1300,vmpfc,door_win,1.003822207
1300,vmpfc,door_win,-0.1083513871
1300,vmpfc,door_win,0.437707901
1300,vmpfc,door_win,0.2653106153
1300,vmpfc,door_win,0.3258032799
1300,vmpfc,door_win,0.813038528
1300,vmpfc,door_loss,1.270257473
1300,vmpfc,door_loss,1.938252687
1300,vmpfc,door_loss,1.601014614
1300,vmpfc,door_loss,0.7079347968
1300,vmpfc,door_loss,0.3964979053
1300,vmpfc,door_loss,1.154222608
1300,vmpfc,door_loss,0.3762840927
1300,vmpfc,door_loss,0.5079042912
1300,vmpfc,door_loss,1.412286639
1300,vmpfc,door_loss,1.112620592
1300,vmpfc,door_loss,-0.05855071917
1300,vmpfc,door_loss,1.158851981
1300,vmpfc,door_loss,0.8450551033
1300,vmpfc,door_loss,-0.08589534461
1300,vmpfc,door_loss,-0.1242562607
1300,vmpfc,door_loss,0.8110643029
1300,vmpfc,door_loss,0.128488481
1300,vmpfc,door_loss,-0.9749717116
1300,vmpfc,door_loss,0.07243934274
1301,vmpfc,door_win,-3.767435312
1301,vmpfc,door_win,-3.227856159
1301,vmpfc,door_win,-2.499126196
1301,vmpfc,door_win,-0.7907866836
1301,vmpfc,door_win,-1.206045866
1301,vmpfc,door_win,-4.259663105
1301,vmpfc,door_win,-4.600580692
1301,vmpfc,door_win,-0.6111790538
1301,vmpfc,door_win,-3.83045435
1301,vmpfc,door_win,-2.790729046
1301,vmpfc,door_win,0.6288807392
1301,vmpfc,door_win,-1.802222013
1301,vmpfc,door_win,-0.7109425664
1301,vmpfc,door_win,-0.8261336684
1301,vmpfc,door_win,-4.694195271
1301,vmpfc,door_win,-4.28026247
1301,vmpfc,door_win,-3.209244728
1301,vmpfc,door_win,0.3845018744
1301,vmpfc,door_win,-0.5965234637
1301,vmpfc,door_loss,-3.143882275
1301,vmpfc,door_loss,-0.3215783834
1301,vmpfc,door_loss,0.01996611431
1301,vmpfc,door_loss,-0.3770138919
1301,vmpfc,door_loss,0.5985509753
1301,vmpfc,door_loss,-2.577339649
1301,vmpfc,door_loss,-3.21850276
1301,vmpfc,door_loss,-1.018831015
1301,vmpfc,door_loss,-1.472888231
1301,vmpfc,door_loss,-0.6050790548
1301,vmpfc,door_loss,1.043775797
1301,vmpfc,door_loss,-0.4437670708
1301,vmpfc,door_loss,-0.3899894059
1301,vmpfc,door_loss,-0.5303214788
1301,vmpfc,door_loss,-2.890411139
1301,vmpfc,door_loss,-1.903145909
1301,vmpfc,door_loss,-0.7444885969
1301,vmpfc,door_loss,1.6884408
1301,vmpfc,door_loss,0.8636540174
1302,vmpfc,door_win,-3.092307806
1302,vmpfc,door_win,-1.385147929
1302,vmpfc,door_win,-2.746916056
1302,vmpfc,door_win,-1.462103605
1302,vmpfc,door_win,-1.249002457
1302,vmpfc,door_win,-2.199817657
1302,vmpfc,door_win,-3.21541667
1302,vmpfc,door_win,-1.513759732
1302,vmpfc,door_win,-1.691945314
1302,vmpfc,door_win,-2.496214151
1302,vmpfc,door_win,-1.274154425
1302,vmpfc,door_win,-0.4466405809
1302,vmpfc,door_win,-0.7180024981
1302,vmpfc,door_win,-0.4802646041
1302,vmpfc,door_win,-1.97766304
1302,vmpfc,door_win,-2.324204206
1302,vmpfc,door_win,-1.929008245
1302,vmpfc,door_win,-1.12146318
1302,vmpfc,door_win,-0.6931075454
1302,vmpfc,door_loss,-2.881406546
1302,vmpfc,door_loss,-0.8395652175
1302,vmpfc,door_loss,-1.82225275
1302,vmpfc,door_loss,-2.160797119
1302,vmpfc,door_loss,-1.240812063
1302,vmpfc,door_loss,-1.379144549
1302,vmpfc,door_loss,-2.837825537
1302,vmpfc,door_loss,-1.965118885
1302,vmpfc,door_loss,-1.029530525
1302,vmpfc,door_loss,-1.886080384
1302,vmpfc,door_loss,-1.45969069
1302,vmpfc,door_loss,-0.9808402658
1302,vmpfc,door_loss,-0.9464509487
1302,vmpfc,door_loss,-1.217265725
1302,vmpfc,door_loss,-2.122874022
1302,vmpfc,door_loss,-1.620016694
1302,vmpfc,door_loss,-2.029451132
1302,vmpfc,door_loss,-1.483927369
1302,vmpfc,door_loss,-1.347189188
1303,vmpfc,door_win,0.5409402251
1303,vmpfc,door_win,-0.2592402399
1303,vmpfc,door_win,0.2525755465
1303,vmpfc,door_win,-0.007661928423
1303,vmpfc,door_win,0.4153930545
1303,vmpfc,door_win,-0.660024941
1303,vmpfc,door_win,-0.3620875478
1303,vmpfc,door_win,-1.015474558
1303,vmpfc,door_win,-1.04912591
1303,vmpfc,door_win,-0.8244550824
1303,vmpfc,door_win,-0.9801160693
1303,vmpfc,door_win,-0.4249994457
1303,vmpfc,door_win,-0.4312284589
1303,vmpfc,door_win,-0.0469533205
1303,vmpfc,door_win,-0.3005540967
1303,vmpfc,door_win,-0.5988776684
1303,vmpfc,door_win,-0.5006346107
1303,vmpfc,door_win,-0.7873483896
1303,vmpfc,door_win,-0.07987933606
1303,vmpfc,door_loss,1.133080602
1303,vmpfc,door_loss,-0.133826673
1303,vmpfc,door_loss,0.6687356234
1303,vmpfc,door_loss,0.7177972198
1303,vmpfc,door_loss,0.1178059652
1303,vmpfc,door_loss,0.3929603398
1303,vmpfc,door_loss,1.094003797
1303,vmpfc,door_loss,-0.7075396776
1303,vmpfc,door_loss,-0.7885781527
1303,vmpfc,door_loss,0.4248156548
1303,vmpfc,door_loss,0.4435869455
1303,vmpfc,door_loss,-0.6076836586
1303,vmpfc,door_loss,-0.1072400287
1303,vmpfc,door_loss,0.8613285422
1303,vmpfc,door_loss,1.787558556
1303,vmpfc,door_loss,0.5816060305
1303,vmpfc,door_loss,1.466221452
1303,vmpfc,door_loss,0.7779031992
1303,vmpfc,door_loss,0.7158606052
3101,vmpfc,door_win,0.8183585405
3101,vmpfc,door_win,0.7954009175
3101,vmpfc,door_win,0.5941613317
3101,vmpfc,door_win,-0.1785977781
3101,vmpfc,door_win,0.2913829386
3101,vmpfc,door_win,0.5783069134
3101,vmpfc,door_win,0.2912251651
3101,vmpfc,door_win,-0.4635249078
3101,vmpfc,door_win,0.5019010305
3101,vmpfc,door_win,-0.2334940583
3101,vmpfc,door_win,-1.073885798
3101,vmpfc,door_win,0.5607466102
3101,vmpfc,door_win,-0.2390133142
3101,vmpfc,door_win,-0.8707277775
3101,vmpfc,door_win,0.02813905105
3101,vmpfc,door_win,-0.07445410639
3101,vmpfc,door_win,-0.3202412426
3101,vmpfc,door_win,-0.5140703917
3101,vmpfc,door_win,-0.5906271338
3101,vmpfc,door_loss,0.3302187622
3101,vmpfc,door_loss,1.30086863
3101,vmpfc,door_loss,1.319839478
3101,vmpfc,door_loss,1.077613354
3101,vmpfc,door_loss,1.524965048
3101,vmpfc,door_loss,0.6770308018
3101,vmpfc,door_loss,0.6475080252
3101,vmpfc,door_loss,1.107619405
3101,vmpfc,door_loss,1.45936811
3101,vmpfc,door_loss,1.009874105
3101,vmpfc,door_loss,0.3770042062
3101,vmpfc,door_loss,1.097784281
3101,vmpfc,door_loss,0.9013006687
3101,vmpfc,door_loss,0.3093931377
3101,vmpfc,door_loss,0.1679826379
3101,vmpfc,door_loss,-0.09267937392
3101,vmpfc,door_loss,-0.2479431778
3101,vmpfc,door_loss,0.1160993725
3101,vmpfc,door_loss,0.1563362479
3116,vmpfc,door_win,1.92992568
3116,vmpfc,door_win,2.248250246
3116,vmpfc,door_win,2.943424463
3116,vmpfc,door_win,1.841089845
3116,vmpfc,door_win,3.053549767
3116,vmpfc,door_win,0.3869827688
3116,vmpfc,door_win,-0.02359894477
3116,vmpfc,door_win,0.8134387732
3116,vmpfc,door_win,1.642694831
3116,vmpfc,door_win,1.011900187
3116,vmpfc,door_win,1.199915051
3116,vmpfc,door_win,2.011671543
3116,vmpfc,door_win,1.989953995
3116,vmpfc,door_win,1.709072828
3116,vmpfc,door_win,0.1767497808
3116,vmpfc,door_win,1.044436216
3116,vmpfc,door_win,0.5528491139
3116,vmpfc,door_win,1.218301415
3116,vmpfc,door_win,0.8252004385
3116,vmpfc,door_loss,0.4997035861
3116,vmpfc,door_loss,1.197823644
3116,vmpfc,door_loss,1.786419272
3116,vmpfc,door_loss,1.340171814
3116,vmpfc,door_loss,1.315691352
3116,vmpfc,door_loss,-0.7481187582
3116,vmpfc,door_loss,-0.6336584687
3116,vmpfc,door_loss,1.154333591
3116,vmpfc,door_loss,0.1194209307
3116,vmpfc,door_loss,0.6404457092
3116,vmpfc,door_loss,1.984925032
3116,vmpfc,door_loss,-0.317370981
3116,vmpfc,door_loss,0.2170716971
3116,vmpfc,door_loss,1.098447442
3116,vmpfc,door_loss,-0.3244930208
3116,vmpfc,door_loss,-0.6708302498
3116,vmpfc,door_loss,-0.3484924138
3116,vmpfc,door_loss,1.046473503
3116,vmpfc,door_loss,-1.081610084
3122,vmpfc,door_win,-0.8858353496
3122,vmpfc,door_win,-1.265800476
3122,vmpfc,door_win,-1.814711571
3122,vmpfc,door_win,-1.868014336
3122,vmpfc,door_win,-1.642690659
3122,vmpfc,door_win,-1.204715014
3122,vmpfc,door_win,-1.204949141
3122,vmpfc,door_win,-1.128535032
3122,vmpfc,door_win,-0.7619675398
3122,vmpfc,door_win,-1.306723952
3122,vmpfc,door_win,-1.351930618
3122,vmpfc,door_win,-0.2629062831
3122,vmpfc,door_win,-1.016380548
3122,vmpfc,door_win,-0.4801011682
3122,vmpfc,door_win,-1.126993656
3122,vmpfc,door_win,-0.2404148579
3122,vmpfc,door_win,-0.2971870601
3122,vmpfc,door_win,0.2942663729
3122,vmpfc,door_win,0.01852910966
3122,vmpfc,door_loss,-0.2631367445
3122,vmpfc,door_loss,-1.112965941
3122,vmpfc,door_loss,-1.220632076
3122,vmpfc,door_loss,-1.262899399
3122,vmpfc,door_loss,-2.054867268
3122,vmpfc,door_loss,-0.3801682293
3122,vmpfc,door_loss,-0.2944760323
3122,vmpfc,door_loss,-0.5533493757
3122,vmpfc,door_loss,-0.476775229
3122,vmpfc,door_loss,-0.6115412116
3122,vmpfc,door_loss,-1.062407494
3122,vmpfc,door_loss,-0.8175004125
3122,vmpfc,door_loss,-1.218053818
3122,vmpfc,door_loss,-0.7766728401
3122,vmpfc,door_loss,0.07382182777
3122,vmpfc,door_loss,0.2221650779
3122,vmpfc,door_loss,0.3043060899
3122,vmpfc,door_loss,-0.3459105194
3122,vmpfc,door_loss,0.02932194807
3125,vmpfc,door_win,-0.1911164373
3125,vmpfc,door_win,-0.7784133554
3125,vmpfc,door_win,-0.3016518056
3125,vmpfc,door_win,-1.201709986
3125,vmpfc,door_win,0.3513199985
3125,vmpfc,door_win,-0.9609650373
3125,vmpfc,door_win,-1.052502632
3125,vmpfc,door_win,-0.9947968721
3125,vmpfc,door_win,-1.586609483
3125,vmpfc,door_win,-1.329017282
3125,vmpfc,door_win,-0.8085023165
3125,vmpfc,door_win,-0.7404845357
3125,vmpfc,door_win,-0.1351414621
3125,vmpfc,door_win,0.06383069605
3125,vmpfc,door_win,-0.1556616277
3125,vmpfc,door_win,-1.399694562
3125,vmpfc,door_win,-1.049938083
3125,vmpfc,door_win,-0.3103516698
3125,vmpfc,door_win,-0.9960792065
3125,vmpfc,door_loss,1.493326664
3125,vmpfc,door_loss,0.1376240104
3125,vmpfc,door_loss,0.6224591732
3125,vmpfc,door_loss,-0.7507871985
3125,vmpfc,door_loss,-0.4745793045
3125,vmpfc,door_loss,0.581286788
3125,vmpfc,door_loss,0.8341992497
3125,vmpfc,door_loss,0.603644073
3125,vmpfc,door_loss,0.3118962348
3125,vmpfc,door_loss,0.890376389
3125,vmpfc,door_loss,0.267054081
3125,vmpfc,door_loss,-0.484841913
3125,vmpfc,door_loss,0.6327638626
3125,vmpfc,door_loss,1.018078327
3125,vmpfc,door_loss,1.159998417
3125,vmpfc,door_loss,0.3282596767
3125,vmpfc,door_loss,1.023720622
3125,vmpfc,door_loss,1.324690819
3125,vmpfc,door_loss,1.638597488
3140,vmpfc,door_win,-2.135748386
3140,vmpfc,door_win,-0.8648263216
3140,vmpfc,door_win,-1.606752753
3140,vmpfc,door_win,-1.205262542
3140,vmpfc,door_win,-1.213029146
3140,vmpfc,door_win,0.2452532798
3140,vmpfc,door_win,-0.7558569908
3140,vmpfc,door_win,-1.067127705
3140,vmpfc,door_win,0.1410992742
3140,vmpfc,door_win,-0.5438192487
3140,vmpfc,door_win,-0.1923305243
3140,vmpfc,door_win,-0.3726221025
3140,vmpfc,door_win,-1.357005477
3140,vmpfc,door_win,-1.166151762
3140,vmpfc,door_win,-1.206198096
3140,vmpfc,door_win,-0.714849174
3140,vmpfc,door_win,-1.394040704
3140,vmpfc,door_win,-0.4160547853
3140,vmpfc,door_win,-2.381656885
3140,vmpfc,door_loss,-1.540995717
3140,vmpfc,door_loss,-0.4136153162
3140,vmpfc,door_loss,-0.8860131502
3140,vmpfc,door_loss,-1.115227461
3140,vmpfc,door_loss,-0.5547353625
3140,vmpfc,door_loss,1.027115345
3140,vmpfc,door_loss,0.3158271909
3140,vmpfc,door_loss,-0.6744919419
3140,vmpfc,door_loss,0.4281494319
3140,vmpfc,door_loss,0.1744319797
3140,vmpfc,door_loss,-0.0536615476
3140,vmpfc,door_loss,-0.7484816909
3140,vmpfc,door_loss,-1.157595634
3140,vmpfc,door_loss,-0.9734244943
3140,vmpfc,door_loss,0.262721926
3140,vmpfc,door_loss,0.4621128142
3140,vmpfc,door_loss,0.06718037277
3140,vmpfc,door_loss,0.1767473668
3140,vmpfc,door_loss,-1.575779319
3143,vmpfc,door_win,1.189377546
3143,vmpfc,door_win,1.377964973
3143,vmpfc,door_win,1.533816457
3143,vmpfc,door_win,1.448084474
3143,vmpfc,door_win,1.89867866
3143,vmpfc,door_win,1.385424495
3143,vmpfc,door_win,1.444951177
3143,vmpfc,door_win,0.5634303093
3143,vmpfc,door_win,1.275743604
3143,vmpfc,door_win,1.437275648
3143,vmpfc,door_win,0.6314735413
3143,vmpfc,door_win,1.404270172
3143,vmpfc,door_win,1.300103188
3143,vmpfc,door_win,0.8156618476
3143,vmpfc,door_win,0.4978043437
3143,vmpfc,door_win,0.7951337695
3143,vmpfc,door_win,0.6090346575
3143,vmpfc,door_win,-0.4068009257
3143,vmpfc,door_win,-0.3793834746
3143,vmpfc,door_loss,0.2149804384
3143,vmpfc,door_loss,1.165695786
3143,vmpfc,door_loss,0.9545373321
3143,vmpfc,door_loss,0.1156864762
3143,vmpfc,door_loss,1.434036374
3143,vmpfc,door_loss,0.5387375951
3143,vmpfc,door_loss,0.6280912757
3143,vmpfc,door_loss,-0.5116653442
3143,vmpfc,door_loss,1.287022948
3143,vmpfc,door_loss,1.097199798
3143,vmpfc,door_loss,-0.7569829822
3143,vmpfc,door_loss,2.375668526
3143,vmpfc,door_loss,1.04772532
3143,vmpfc,door_loss,-1.31722784
3143,vmpfc,door_loss,0.7123744488
3143,vmpfc,door_loss,1.420601487
3143,vmpfc,door_loss,1.314189315
3143,vmpfc,door_loss,-0.332708329
3143,vmpfc,door_loss,0.2424950898
3152,vmpfc,door_win,0.9458338022
3152,vmpfc,door_win,0.6927990913
3152,vmpfc,door_win,1.315330625
3152,vmpfc,door_win,2.484342575
3152,vmpfc,door_win,1.227916479
3152,vmpfc,door_win,1.615110874
3152,vmpfc,door_win,1.10590291
3152,vmpfc,door_win,1.517611146
3152,vmpfc,door_win,1.142843008
3152,vmpfc,door_win,1.80566442
3152,vmpfc,door_win,2.340414047
3152,vmpfc,door_win,1.340385556
3152,vmpfc,door_win,1.941747904
3152,vmpfc,door_win,1.11143434
3152,vmpfc,door_win,3.422069788
3152,vmpfc,door_win,2.329716682
3152,vmpfc,door_win,3.070705175
3152,vmpfc,door_win,2.10295701
3152,vmpfc,door_win,3.095901251
3152,vmpfc,door_loss,1.02693665
3152,vmpfc,door_loss,0.2899132073
3152,vmpfc,door_loss,1.345353484
3152,vmpfc,door_loss,3.094083309
3152,vmpfc,door_loss,1.345715165
3152,vmpfc,door_loss,0.4749132395
3152,vmpfc,door_loss,0.2576689124
3152,vmpfc,door_loss,0.6494868994
3152,vmpfc,door_loss,0.1453472972
3152,vmpfc,door_loss,0.7492600083
3152,vmpfc,door_loss,1.845771194
3152,vmpfc,door_loss,0.8643306494
3152,vmpfc,door_loss,1.190686464
3152,vmpfc,door_loss,1.060637236
3152,vmpfc,door_loss,1.767822981
3152,vmpfc,door_loss,1.268669605
3152,vmpfc,door_loss,1.298618078
3152,vmpfc,door_loss,0.9855437875
3152,vmpfc,door_loss,1.643006206
3164,vmpfc,door_win,-0.9441250563
3164,vmpfc,door_win,-0.9352936149
3164,vmpfc,door_win,-0.7645723224
3164,vmpfc,door_win,-0.2825561762
3164,vmpfc,door_win,-0.02676274441
3164,vmpfc,door_win,-0.9509552717
3164,vmpfc,door_win,-1.635969043
3164,vmpfc,door_win,-1.232195854
3164,vmpfc,door_win,-1.053323746
3164,vmpfc,door_win,-1.199889541
3164,vmpfc,door_win,-0.8887674809
3164,vmpfc,door_win,-0.3812588453
3164,vmpfc,door_win,-0.5821939111
3164,vmpfc,door_win,-0.3009525239
3164,vmpfc,door_win,-0.5158471465
3164,vmpfc,door_win,-0.1176978722
3164,vmpfc,door_win,-0.009005850181
3164,vmpfc,door_win,0.4764275253
3164,vmpfc,door_win,-0.05968627706
3164,vmpfc,door_loss,-0.3102441132
3164,vmpfc,door_loss,-0.7037693858
3164,vmpfc,door_loss,-0.1571714878
3164,vmpfc,door_loss,0.3555650115
3164,vmpfc,door_loss,-0.2739155293
3164,vmpfc,door_loss,-0.3294607997
3164,vmpfc,door_loss,-0.9036728144
3164,vmpfc,door_loss,-0.2264670432
3164,vmpfc,door_loss,-0.6888061166
3164,vmpfc,door_loss,-0.732187748
3164,vmpfc,door_loss,-0.1441142708
3164,vmpfc,door_loss,-1.355646491
3164,vmpfc,door_loss,-1.200823307
3164,vmpfc,door_loss,-0.2981604636
3164,vmpfc,door_loss,-0.08511894196
3164,vmpfc,door_loss,0.5229324698
3164,vmpfc,door_loss,0.2209458798
3164,vmpfc,door_loss,0.429764837
3164,vmpfc,door_loss,-0.5546315908
3166,vmpfc,door_win,-1.576320648
3166,vmpfc,door_win,-1.154182673
3166,vmpfc,door_win,-1.600880146
3166,vmpfc,door_win,-0.6527275443
3166,vmpfc,door_win,-1.857218742
3166,vmpfc,door_win,0.7930828333
3166,vmpfc,door_win,0.01913371123
3166,vmpfc,door_win,0.4944794178
3166,vmpfc,door_win,0.4346395731
3166,vmpfc,door_win,-0.07208458334
3166,vmpfc,door_win,0.6354364753
3166,vmpfc,door_win,-1.688777447
3166,vmpfc,door_win,-1.759712219
3166,vmpfc,door_win,-0.4018323421
3166,vmpfc,door_win,0.3110169768
3166,vmpfc,door_win,0.4102770388
3166,vmpfc,door_win,1.089989781
3166,vmpfc,door_win,1.915138483
3166,vmpfc,door_win,-1.281998754
3166,vmpfc,door_loss,-2.864455938
3166,vmpfc,door_loss,-3.11968112
3166,vmpfc,door_loss,-3.062296391
3166,vmpfc,door_loss,-1.480710745
3166,vmpfc,door_loss,-3.498980045
3166,vmpfc,door_loss,1.031622171
3166,vmpfc,door_loss,0.2536296844
3166,vmpfc,door_loss,-0.064463377
3166,vmpfc,door_loss,-0.964279294
3166,vmpfc,door_loss,-1.67092669
3166,vmpfc,door_loss,-0.5182296038
3166,vmpfc,door_loss,-3.636225939
3166,vmpfc,door_loss,-3.620722771
3166,vmpfc,door_loss,-1.749439955
3166,vmpfc,door_loss,1.166413069
3166,vmpfc,door_loss,-0.4952326417
3166,vmpfc,door_loss,-0.8157943487
3166,vmpfc,door_loss,0.1591402888
3166,vmpfc,door_loss,-2.76964283
3167,vmpfc,door_win,-0.2576025426
3167,vmpfc,door_win,0.6018890738
3167,vmpfc,door_win,0.4078760743
3167,vmpfc,door_win,-0.5653248429
3167,vmpfc,door_win,0.3210271001
3167,vmpfc,door_win,-1.676705956
3167,vmpfc,door_win,-1.748106956
3167,vmpfc,door_win,-0.3637827933
3167,vmpfc,door_win,-0.200568378
3167,vmpfc,door_win,-0.7582232356
3167,vmpfc,door_win,-0.3954190612
3167,vmpfc,door_win,1.684687018
3167,vmpfc,door_win,1.046963096
3167,vmpfc,door_win,0.8544908166
3167,vmpfc,door_win,-2.61160183
3167,vmpfc,door_win,-1.674842715
3167,vmpfc,door_win,-2.359672546
3167,vmpfc,door_win,-0.204183951
3167,vmpfc,door_win,0.08758205175
3167,vmpfc,door_loss,-2.587514162
3167,vmpfc,door_loss,-0.3328617513
3167,vmpfc,door_loss,-1.3074435
3167,vmpfc,door_loss,-4.052247047
3167,vmpfc,door_loss,-0.4530977011
3167,vmpfc,door_loss,-3.630746603
3167,vmpfc,door_loss,-4.099217415
3167,vmpfc,door_loss,-3.626801014
3167,vmpfc,door_loss,-3.155135393
3167,vmpfc,door_loss,-3.707226753
3167,vmpfc,door_loss,-3.70314765
3167,vmpfc,door_loss,-0.8252796531
3167,vmpfc,door_loss,-1.783864498
3167,vmpfc,door_loss,-2.128551245
3167,vmpfc,door_loss,-3.357211113
3167,vmpfc,door_loss,-3.849685907
3167,vmpfc,door_loss,-3.82127285
3167,vmpfc,door_loss,-1.701049447
3167,vmpfc,door_loss,-2.947571516
3170,vmpfc,door_win,2.937962294
3170,vmpfc,door_win,1.015158415
3170,vmpfc,door_win,1.903089404
3170,vmpfc,door_win,2.701030254
3170,vmpfc,door_win,1.307533264
3170,vmpfc,door_win,0.8544421792
3170,vmpfc,door_win,1.883013606
3170,vmpfc,door_win,1.16286087
3170,vmpfc,door_win,-0.2124496698
3170,vmpfc,door_win,-0.1945627779
3170,vmpfc,door_win,0.5115529299
3170,vmpfc,door_win,1.104312181
3170,vmpfc,door_win,0.4253786206
3170,vmpfc,door_win,0.3524515927
3170,vmpfc,door_win,-0.4935909808
3170,vmpfc,door_win,-0.9574142694
3170,vmpfc,door_win,-1.597673893
3170,vmpfc,door_win,-1.337600589
3170,vmpfc,door_win,-0.1827968955
3170,vmpfc,door_loss,2.106176853
3170,vmpfc,door_loss,0.670971334
3170,vmpfc,door_loss,0.8637274504
3170,vmpfc,door_loss,0.8624358177
3170,vmpfc,door_loss,0.5870162845
3170,vmpfc,door_loss,0.8519441485
3170,vmpfc,door_loss,1.71339035
3170,vmpfc,door_loss,0.4959831536
3170,vmpfc,door_loss,-0.2064603567
3170,vmpfc,door_loss,-0.302162379
3170,vmpfc,door_loss,-0.8713108897
3170,vmpfc,door_loss,0.1521103978
3170,vmpfc,door_loss,-0.2670488358
3170,vmpfc,door_loss,-0.9087274075
3170,vmpfc,door_loss,0.04792050272
3170,vmpfc,door_loss,-0.8390705585
3170,vmpfc,door_loss,-1.167285919
3170,vmpfc,door_loss,-1.76462245
3170,vmpfc,door_loss,-0.4780033231
3173,vmpfc,door_win,-0.5272307992
3173,vmpfc,door_win,-0.3387230337
3173,vmpfc,door_win,0.1745359898
3173,vmpfc,door_win,0.01894811913
3173,vmpfc,door_win,0.1112971604
3173,vmpfc,door_win,-2.047468901
3173,vmpfc,door_win,-3.185051203
3173,vmpfc,door_win,-1.347180009
3173,vmpfc,door_win,-1.422776937
3173,vmpfc,door_win,-1.275996923
3173,vmpfc,door_win,-0.2044252306
3173,vmpfc,door_win,-0.7440869212
3173,vmpfc,door_win,-0.1729511768
3173,vmpfc,door_win,1.129364252
3173,vmpfc,door_win,-3.328205824
3173,vmpfc,door_win,-3.21449852
3173,vmpfc,door_win,-2.463762283
3173,vmpfc,door_win,0.07368702441
3173,vmpfc,door_win,-1.020909429
3173,vmpfc,door_loss,0.7297734618
3173,vmpfc,door_loss,-1.250006199
3173,vmpfc,door_loss,-0.1173506156
3173,vmpfc,door_loss,-0.2082290053
3173,vmpfc,door_loss,-1.018636703
3173,vmpfc,door_loss,-0.4684842229
3173,vmpfc,door_loss,-1.099715352
3173,vmpfc,door_loss,0.1925062835
3173,vmpfc,door_loss,-1.274430752
3173,vmpfc,door_loss,-1.243883133
3173,vmpfc,door_loss,-0.6612378359
3173,vmpfc,door_loss,-1.393309951
3173,vmpfc,door_loss,-0.8798421621
3173,vmpfc,door_loss,-0.3273309469
3173,vmpfc,door_loss,-2.591686964
3173,vmpfc,door_loss,-1.811945438
3173,vmpfc,door_loss,-1.609703779
3173,vmpfc,door_loss,-0.1432469338
3173,vmpfc,door_loss,-0.05863650516
3175,vmpfc,door_win,0.4386832118
3175,vmpfc,door_win,0.4552536905
3175,vmpfc,door_win,1.74683845
3175,vmpfc,door_win,-0.180165723
3175,vmpfc,door_win,1.462589979
3175,vmpfc,door_win,0.2096341252
3175,vmpfc,door_win,1.069502234
3175,vmpfc,door_win,2.042944908
3175,vmpfc,door_win,-0.2684979439
3175,vmpfc,door_win,1.183123946
3175,vmpfc,door_win,1.958022118
3175,vmpfc,door_win,-0.5864439607
3175,vmpfc,door_win,1.734022141
3175,vmpfc,door_win,2.138974428
3175,vmpfc,door_win,0.4293341339
3175,vmpfc,door_win,-0.4755858183
3175,vmpfc,door_win,-0.1067431048
3175,vmpfc,door_win,1.412059784
3175,vmpfc,door_win,1.730639577
3175,vmpfc,door_loss,0.2029918283
3175,vmpfc,door_loss,0.7140185237
3175,vmpfc,door_loss,1.398976326
3175,vmpfc,door_loss,-0.302093327
3175,vmpfc,door_loss,1.144189239
3175,vmpfc,door_loss,0.3122157454
3175,vmpfc,door_loss,0.9975558519
3175,vmpfc,door_loss,2.192084551
3175,vmpfc,door_loss,0.2241455466
3175,vmpfc,door_loss,1.583192945
3175,vmpfc,door_loss,2.503629923
3175,vmpfc,door_loss,-0.05631634593
3175,vmpfc,door_loss,2.137170792
3175,vmpfc,door_loss,2.265891552
3175,vmpfc,door_loss,0.3330782056
3175,vmpfc,door_loss,-0.1050199941
3175,vmpfc,door_loss,0.4388360679
3175,vmpfc,door_loss,2.375666857
3175,vmpfc,door_loss,2.352018356
3176,vmpfc,door_win,1.255429506
3176,vmpfc,door_win,1.678612947
3176,vmpfc,door_win,1.548579097
3176,vmpfc,door_win,0.5873681903
3176,vmpfc,door_win,0.9279927015
3176,vmpfc,door_win,1.499311686
3176,vmpfc,door_win,1.874156475
3176,vmpfc,door_win,1.790602803
3176,vmpfc,door_win,2.162725687
3176,vmpfc,door_win,2.134041786
3176,vmpfc,door_win,1.521852374
3176,vmpfc,door_win,1.736073852
3176,vmpfc,door_win,1.274055004
3176,vmpfc,door_win,1.120311856
3176,vmpfc,door_win,2.162880182
3176,vmpfc,door_win,2.86528039
3176,vmpfc,door_win,2.675129652
3176,vmpfc,door_win,3.416470766
3176,vmpfc,door_win,1.889646173
3176,vmpfc,door_loss,1.081977248
3176,vmpfc,door_loss,1.415612936
3176,vmpfc,door_loss,1.423509121
3176,vmpfc,door_loss,1.536618114
3176,vmpfc,door_loss,1.165166378
3176,vmpfc,door_loss,1.364623427
3176,vmpfc,door_loss,1.687894583
3176,vmpfc,door_loss,2.450479746
3176,vmpfc,door_loss,1.393838286
3176,vmpfc,door_loss,1.613713026
3176,vmpfc,door_loss,2.205567598
3176,vmpfc,door_loss,1.050393343
3176,vmpfc,door_loss,1.272448421
3176,vmpfc,door_loss,1.760958672
3176,vmpfc,door_loss,1.572124362
3176,vmpfc,door_loss,1.997325301
3176,vmpfc,door_loss,1.907955527
3176,vmpfc,door_loss,2.548583984
3176,vmpfc,door_loss,1.605706692
3186,vmpfc,door_win,0.1736694872
3186,vmpfc,door_win,-0.6556550264
3186,vmpfc,door_win,-0.02015946805
3186,vmpfc,door_win,1.223032117
3186,vmpfc,door_win,0.9018618464
3186,vmpfc,door_win,1.057989717
3186,vmpfc,door_win,1.034326911
3186,vmpfc,door_win,1.797601581
3186,vmpfc,door_win,0.115259327
3186,vmpfc,door_win,0.764479816
3186,vmpfc,door_win,1.739989996
3186,vmpfc,door_win,0.1870756894
3186,vmpfc,door_win,1.000469804
3186,vmpfc,door_win,1.640563369
3186,vmpfc,door_win,1.935403228
3186,vmpfc,door_win,1.11714375
3186,vmpfc,door_win,2.274523735
3186,vmpfc,door_win,2.683468103
3186,vmpfc,door_win,2.118113995
3186,vmpfc,door_loss,0.8579325676
3186,vmpfc,door_loss,1.020653725
3186,vmpfc,door_loss,1.030605078
3186,vmpfc,door_loss,1.169330835
3186,vmpfc,door_loss,1.485492349
3186,vmpfc,door_loss,0.8570899367
3186,vmpfc,door_loss,0.450161159
3186,vmpfc,door_loss,1.005862713
3186,vmpfc,door_loss,0.006701255683
3186,vmpfc,door_loss,-0.00315292622
3186,vmpfc,door_loss,0.6088826656
3186,vmpfc,door_loss,0.6610212326
3186,vmpfc,door_loss,0.4916044176
3186,vmpfc,door_loss,0.6503253579
3186,vmpfc,door_loss,1.246286154
3186,vmpfc,door_loss,0.1129800677
3186,vmpfc,door_loss,1.040955663
3186,vmpfc,door_loss,1.534762502
3186,vmpfc,door_loss,1.498601556
3189,vmpfc,door_win,-1.192592263
3189,vmpfc,door_win,-0.4318672717
3189,vmpfc,door_win,-0.03768486157
3189,vmpfc,door_win,0.6773575544
3189,vmpfc,door_win,-0.07080195844
3189,vmpfc,door_win,-0.7144938707
3189,vmpfc,door_win,-1.714549184
3189,vmpfc,door_win,-1.841441631
3189,vmpfc,door_win,-0.1687328368
3189,vmpfc,door_win,-0.3536971211
3189,vmpfc,door_win,-0.9273991585
3189,vmpfc,door_win,-0.128142029
3189,vmpfc,door_win,0.5077698827
3189,vmpfc,door_win,0.4360952079
3189,vmpfc,door_win,-3.213829517
3189,vmpfc,door_win,-1.954676509
3189,vmpfc,door_win,-1.73549509
3189,vmpfc,door_win,-1.530481577
3189,vmpfc,door_win,-0.0786145553
3189,vmpfc,door_loss,0.1142489985
3189,vmpfc,door_loss,0.3735279739
3189,vmpfc,door_loss,1.262480259
3189,vmpfc,door_loss,1.613533974
3189,vmpfc,door_loss,0.8137231469
3189,vmpfc,door_loss,-0.580337584
3189,vmpfc,door_loss,-0.2164242864
3189,vmpfc,door_loss,0.4574415386
3189,vmpfc,door_loss,0.8070442677
3189,vmpfc,door_loss,1.550461054
3189,vmpfc,door_loss,1.439687848
3189,vmpfc,door_loss,0.6107127666
3189,vmpfc,door_loss,1.530362248
3189,vmpfc,door_loss,1.332283258
3189,vmpfc,door_loss,-1.581778884
3189,vmpfc,door_loss,-0.3229270875
3189,vmpfc,door_loss,0.4415409267
3189,vmpfc,door_loss,0.8216435909
3189,vmpfc,door_loss,1.028379202
3190,vmpfc,door_win,-0.9310004115
3190,vmpfc,door_win,1.508369803
3190,vmpfc,door_win,1.692472696
3190,vmpfc,door_win,0.662548244
3190,vmpfc,door_win,2.056391954
3190,vmpfc,door_win,-0.3536063135
3190,vmpfc,door_win,-0.6808399558
3190,vmpfc,door_win,-1.199710727
3190,vmpfc,door_win,2.078695059
3190,vmpfc,door_win,1.763462782
3190,vmpfc,door_win,-0.01628430001
3190,vmpfc,door_win,2.212298632
3190,vmpfc,door_win,2.07248807
3190,vmpfc,door_win,1.410979033
3190,vmpfc,door_win,-0.5774379373
3190,vmpfc,door_win,0.7416687608
3190,vmpfc,door_win,0.3869308531
3190,vmpfc,door_win,-1.045985937
3190,vmpfc,door_win,1.624125719
3190,vmpfc,door_loss,-1.030319333
3190,vmpfc,door_loss,-0.7693913579
3190,vmpfc,door_loss,-0.5791205168
3190,vmpfc,door_loss,-0.03052239493
3190,vmpfc,door_loss,-0.2288448513
3190,vmpfc,door_loss,-0.8962026238
3190,vmpfc,door_loss,-0.7228450775
3190,vmpfc,door_loss,0.4520693123
3190,vmpfc,door_loss,-0.09433939308
3190,vmpfc,door_loss,-0.4821787775
3190,vmpfc,door_loss,-0.1306714714
3190,vmpfc,door_loss,-0.1147573143
3190,vmpfc,door_loss,-0.1479655355
3190,vmpfc,door_loss,0.7319474816
3190,vmpfc,door_loss,0.05160131678
3190,vmpfc,door_loss,-0.09693471342
3190,vmpfc,door_loss,-0.2281990051
3190,vmpfc,door_loss,-0.04447379708
3190,vmpfc,door_loss,0.2387337983
3199,vmpfc,door_win,0.6015968323
3199,vmpfc,door_win,1.22272718
3199,vmpfc,door_win,1.450971365
3199,vmpfc,door_win,1.066144228
3199,vmpfc,door_win,1.136796713
3199,vmpfc,door_win,0.06111570075
3199,vmpfc,door_win,0.2436304688
3199,vmpfc,door_win,1.292324543
3199,vmpfc,door_win,1.352724552
3199,vmpfc,door_win,1.619428754
3199,vmpfc,door_win,1.918057799
3199,vmpfc,door_win,1.203135252
3199,vmpfc,door_win,1.311893106
3199,vmpfc,door_win,1.37897706
3199,vmpfc,door_win,-0.8064296246
3199,vmpfc,door_win,0.9998893738
3199,vmpfc,door_win,1.058816791
3199,vmpfc,door_win,0.8683592677
3199,vmpfc,door_win,0.8795606494
3199,vmpfc,door_loss,-1.045480251
3199,vmpfc,door_loss,0.07749327272
3199,vmpfc,door_loss,0.3136197031
3199,vmpfc,door_loss,0.0151533559
3199,vmpfc,door_loss,-0.03081448562
3199,vmpfc,door_loss,-0.9118715525
3199,vmpfc,door_loss,-0.3638860583
3199,vmpfc,door_loss,0.795928359
3199,vmpfc,door_loss,0.3067740202
3199,vmpfc,door_loss,0.8116106391
3199,vmpfc,door_loss,1.078642011
3199,vmpfc,door_loss,0.02772499621
3199,vmpfc,door_loss,0.4715366364
3199,vmpfc,door_loss,0.6545540094
3199,vmpfc,door_loss,-0.8434770107
3199,vmpfc,door_loss,0.2276884466
3199,vmpfc,door_loss,0.7780299187
3199,vmpfc,door_loss,0.8057844043
3199,vmpfc,door_loss,0.6713541746
3200,vmpfc,door_win,0.1258466244
3200,vmpfc,door_win,-0.1682874709
3200,vmpfc,door_win,-0.04250949249
3200,vmpfc,door_win,-1.610699773
3200,vmpfc,door_win,0.1225422248
3200,vmpfc,door_win,-1.657381415
3200,vmpfc,door_win,-2.114405155
3200,vmpfc,door_win,-2.792435646
3200,vmpfc,door_win,-2.272815704
3200,vmpfc,door_win,-1.853659391
3200,vmpfc,door_win,-2.612817287
3200,vmpfc,door_win,-2.020488262
3200,vmpfc,door_win,-1.373851657
3200,vmpfc,door_win,-2.28709197
3200,vmpfc,door_win,-3.444726706
3200,vmpfc,door_win,-2.183468342
3200,vmpfc,door_win,-2.548982143
3200,vmpfc,door_win,-2.141378164
3200,vmpfc,door_win,-0.8234561086
3200,vmpfc,door_loss,-0.714612484
3200,vmpfc,door_loss,-1.066846013
3200,vmpfc,door_loss,-0.5767990351
3200,vmpfc,door_loss,-1.404669285
3200,vmpfc,door_loss,-0.457049191
3200,vmpfc,door_loss,-1.872702003
3200,vmpfc,door_loss,-1.715521574
3200,vmpfc,door_loss,-2.195664406
3200,vmpfc,door_loss,-1.272162795
3200,vmpfc,door_loss,-0.9366075397
3200,vmpfc,door_loss,-1.798324227
3200,vmpfc,door_loss,-1.398269415
3200,vmpfc,door_loss,-0.8658745289
3200,vmpfc,door_loss,-2.047860146
3200,vmpfc,door_loss,-2.677406788
3200,vmpfc,door_loss,-0.763425529
3200,vmpfc,door_loss,-0.9195005298
3200,vmpfc,door_loss,-1.23071897
3200,vmpfc,door_loss,-0.2096190602
3206,vmpfc,door_win,-1.864103913
3206,vmpfc,door_win,-2.104067087
3206,vmpfc,door_win,-2.976121902
3206,vmpfc,door_win,-3.329570293
3206,vmpfc,door_win,-3.235520363
3206,vmpfc,door_win,-1.358654261
3206,vmpfc,door_win,-0.8736644983
3206,vmpfc,door_win,-2.525760174
3206,vmpfc,door_win,-1.886730194
3206,vmpfc,door_win,-1.998901606
3206,vmpfc,door_win,-3.338253975
3206,vmpfc,door_win,-2.554840088
3206,vmpfc,door_win,-3.28777957
3206,vmpfc,door_win,-4.312486649
3206,vmpfc,door_win,3.051526546
3206,vmpfc,door_win,1.604606271
3206,vmpfc,door_win,1.749864459
3206,vmpfc,door_win,0.3364980519
3206,vmpfc,door_win,0.2968298197
3206,vmpfc,door_loss,-2.642243862
3206,vmpfc,door_loss,-2.236508369
3206,vmpfc,door_loss,-3.146380901
3206,vmpfc,door_loss,-4.043929577
3206,vmpfc,door_loss,-3.055340528
3206,vmpfc,door_loss,-2.501603365
3206,vmpfc,door_loss,-1.913601756
3206,vmpfc,door_loss,-4.330872536
3206,vmpfc,door_loss,-2.555854321
3206,vmpfc,door_loss,-2.589456558
3206,vmpfc,door_loss,-4.540782452
3206,vmpfc,door_loss,-2.675534964
3206,vmpfc,door_loss,-3.27551198
3206,vmpfc,door_loss,-4.575793266
3206,vmpfc,door_loss,0.8100699186
3206,vmpfc,door_loss,0.02956043929
3206,vmpfc,door_loss,-0.164040789
3206,vmpfc,door_loss,-1.493155599
3206,vmpfc,door_loss,-1.079738736
3210,vmpfc,door_win,1.76440227
3210,vmpfc,door_win,1.054805756
3210,vmpfc,door_win,1.456152081
3210,vmpfc,door_win,1.681673408
3210,vmpfc,door_win,2.120585918
3210,vmpfc,door_win,0.6590555906
3210,vmpfc,door_win,0.6369612217
3210,vmpfc,door_win,0.5779656172
3210,vmpfc,door_win,1.067835808
3210,vmpfc,door_win,1.110815644
3210,vmpfc,door_win,0.8433040977
3210,vmpfc,door_win,1.839116096
3210,vmpfc,door_win,1.562263131
3210,vmpfc,door_win,0.8899043798
3210,vmpfc,door_win,-0.01307147834
3210,vmpfc,door_win,0.03273688257
3210,vmpfc,door_win,0.06214022636
3210,vmpfc,door_win,-0.1626612395
3210,vmpfc,door_win,-0.0075332243
3210,vmpfc,door_loss,2.037711382
3210,vmpfc,door_loss,0.5128782392
3210,vmpfc,door_loss,0.9830386639
3210,vmpfc,door_loss,1.670300245
3210,vmpfc,door_loss,0.6008488536
3210,vmpfc,door_loss,0.9285553098
3210,vmpfc,door_loss,1.03746295
3210,vmpfc,door_loss,1.312431693
3210,vmpfc,door_loss,1.399063826
3210,vmpfc,door_loss,1.490043402
3210,vmpfc,door_loss,1.667602062
3210,vmpfc,door_loss,1.528375626
3210,vmpfc,door_loss,1.88514936
3210,vmpfc,door_loss,1.814341426
3210,vmpfc,door_loss,-0.04711800814
3210,vmpfc,door_loss,1.042750359
3210,vmpfc,door_loss,0.773268044
3210,vmpfc,door_loss,0.5816162229
3210,vmpfc,door_loss,1.336441517
3212,vmpfc,door_win,-2.911463976
3212,vmpfc,door_win,-1.835108757
3212,vmpfc,door_win,-2.918628693
3212,vmpfc,door_win,-2.724116325
3212,vmpfc,door_win,-2.465409994
3212,vmpfc,door_win,-1.643339753
3212,vmpfc,door_win,-3.02652216
3212,vmpfc,door_win,-1.735352635
3212,vmpfc,door_win,-1.873503685
3212,vmpfc,door_win,-2.823801279
3212,vmpfc,door_win,-1.99227798
3212,vmpfc,door_win,-2.179668903
3212,vmpfc,door_win,-2.456877947
3212,vmpfc,door_win,-1.429022431
3212,vmpfc,door_win,-2.722147465
3212,vmpfc,door_win,-2.151409864
3212,vmpfc,door_win,-2.754506588
3212,vmpfc,door_win,-1.021175265
3212,vmpfc,door_win,-2.160816431
3212,vmpfc,door_loss,-2.09000659
3212,vmpfc,door_loss,-0.3688597977
3212,vmpfc,door_loss,-1.820018291
3212,vmpfc,door_loss,-1.954058528
3212,vmpfc,door_loss,-0.769531548
3212,vmpfc,door_loss,-0.781429112
3212,vmpfc,door_loss,-2.356810331
3212,vmpfc,door_loss,-1.921384096
3212,vmpfc,door_loss,-1.105844855
3212,vmpfc,door_loss,-1.842079997
3212,vmpfc,door_loss,-1.573581338
3212,vmpfc,door_loss,-1.103760958
3212,vmpfc,door_loss,-1.057992816
3212,vmpfc,door_loss,-0.6548601985
3212,vmpfc,door_loss,-2.036275148
3212,vmpfc,door_loss,-1.006343961
3212,vmpfc,door_loss,-1.493543983
3212,vmpfc,door_loss,-0.1278207749
3212,vmpfc,door_loss,-0.6215541363
3218,vmpfc,door_win,-0.1294343024
3218,vmpfc,door_win,-1.193710804
3218,vmpfc,door_win,-0.8568844795
3218,vmpfc,door_win,0.9509461522
3218,vmpfc,door_win,-0.6323326826
3218,vmpfc,door_win,-0.05260460824
3218,vmpfc,door_win,0.9163172245
3218,vmpfc,door_win,2.265725613
3218,vmpfc,door_win,-0.2218287885
3218,vmpfc,door_win,0.4979857802
3218,vmpfc,door_win,2.004115105
3218,vmpfc,door_win,-0.527675271
3218,vmpfc,door_win,-0.1913588196
3218,vmpfc,door_win,0.9901538491
3218,vmpfc,door_win,1.548511267
3218,vmpfc,door_win,0.9737439752
3218,vmpfc,door_win,1.418809533
3218,vmpfc,door_win,2.278334618
3218,vmpfc,door_win,0.2758626938
3218,vmpfc,door_loss,1.075515985
3218,vmpfc,door_loss,-1.937105894
3218,vmpfc,door_loss,-1.325088978
3218,vmpfc,door_loss,-0.2276927829
3218,vmpfc,door_loss,-2.234724283
3218,vmpfc,door_loss,-0.6511778235
3218,vmpfc,door_loss,0.6400488615
3218,vmpfc,door_loss,0.3624521792
3218,vmpfc,door_loss,-1.543259382
3218,vmpfc,door_loss,-0.4227989614
3218,vmpfc,door_loss,0.8513849974
3218,vmpfc,door_loss,-1.738295197
3218,vmpfc,door_loss,-1.2554003
3218,vmpfc,door_loss,0.03341734409
3218,vmpfc,door_loss,0.3798058927
3218,vmpfc,door_loss,0.1265887916
3218,vmpfc,door_loss,0.8081630468
3218,vmpfc,door_loss,1.088459969
3218,vmpfc,door_loss,0.1723871827
3220,vmpfc,door_win,-0.06994972378
3220,vmpfc,door_win,-0.631270051
3220,vmpfc,door_win,-0.7843572497
3220,vmpfc,door_win,0.06317872554
3220,vmpfc,door_win,-0.9436056018
3220,vmpfc,door_win,-0.8719112873
3220,vmpfc,door_win,0.08643274754
3220,vmpfc,door_win,0.6806930304
3220,vmpfc,door_win,-0.917810142
3220,vmpfc,door_win,-0.4937660694
3220,vmpfc,door_win,0.697321713
3220,vmpfc,door_win,-1.128648281
3220,vmpfc,door_win,-0.9057461619
3220,vmpfc,door_win,0.3826437294
3220,vmpfc,door_win,-1.039798737
3220,vmpfc,door_win,-0.943020463
3220,vmpfc,door_win,-0.2003045082
3220,vmpfc,door_win,0.612831831
3220,vmpfc,door_win,-0.6471682787
3220,vmpfc,door_loss,-0.9785166383
3220,vmpfc,door_loss,-2.285820007
3220,vmpfc,door_loss,-1.6796422
3220,vmpfc,door_loss,0.6799434423
3220,vmpfc,door_loss,-1.454250455
3220,vmpfc,door_loss,-2.81756568
3220,vmpfc,door_loss,-1.558474302
3220,vmpfc,door_loss,0.8322838545
3220,vmpfc,door_loss,-2.419121742
3220,vmpfc,door_loss,-1.203009605
3220,vmpfc,door_loss,1.130926967
3220,vmpfc,door_loss,-1.661481977
3220,vmpfc,door_loss,-0.863240242
3220,vmpfc,door_loss,0.8217842579
3220,vmpfc,door_loss,-2.376008511
3220,vmpfc,door_loss,-1.818960071
3220,vmpfc,door_loss,-0.6502441168
3220,vmpfc,door_loss,0.8952959776
3220,vmpfc,door_loss,-0.6953778267
3223,vmpfc,door_win,0.2832586765
3223,vmpfc,door_win,-0.08288051933
3223,vmpfc,door_win,0.2776942849
3223,vmpfc,door_win,0.8188391924
3223,vmpfc,door_win,1.021121502
3223,vmpfc,door_win,0.7129319906
3223,vmpfc,door_win,0.7827161551
3223,vmpfc,door_win,0.2693462074
3223,vmpfc,door_win,0.9793586731
3223,vmpfc,door_win,0.9736958146
3223,vmpfc,door_win,0.6325662136
3223,vmpfc,door_win,1.173093557
3223,vmpfc,door_win,1.4592278
3223,vmpfc,door_win,1.62773931
3223,vmpfc,door_win,-0.1540410519
3223,vmpfc,door_win,0.2110346556
3223,vmpfc,door_win,-0.2519125938
3223,vmpfc,door_win,-0.5378796458
3223,vmpfc,door_win,0.3636208475
3223,vmpfc,door_loss,-0.4454053044
3223,vmpfc,door_loss,-0.6531254053
3223,vmpfc,door_loss,-0.4116542637
3223,vmpfc,door_loss,0.04270109162
3223,vmpfc,door_loss,0.5723534822
3223,vmpfc,door_loss,-0.4916575551
3223,vmpfc,door_loss,-0.0648503527
3223,vmpfc,door_loss,0.0270599816
3223,vmpfc,door_loss,-0.08651706576
3223,vmpfc,door_loss,0.2689993083
3223,vmpfc,door_loss,0.5032347441
3223,vmpfc,door_loss,0.8051199913
3223,vmpfc,door_loss,1.065245628
3223,vmpfc,door_loss,1.459947705
3223,vmpfc,door_loss,0.353228122
3223,vmpfc,door_loss,0.0346159786
3223,vmpfc,door_loss,0.07781726122
3223,vmpfc,door_loss,0.1249017864
3223,vmpfc,door_loss,0.4188958406
